{"type":"FeatureCollection","features":[{"type":"Feature","id":1,"geometry":{"type":"Polygon","coordinates":[[[1.47594,41.47798],[1.46899,41.47644],[1.46127,41.46876],[1.45696,41.47051],[1.45375,41.46945],[1.45552,41.46575],[1.45419,41.46418],[1.45529,41.46248],[1.44064,41.44914],[1.42215,41.4493],[1.41615,41.44404],[1.40804,41.43991],[1.40391,41.43522],[1.38282,41.44787],[1.36898,41.4439],[1.36809,41.44267],[1.36903,41.44001],[1.37181,41.43679],[1.3653,41.43182],[1.35563,41.42831],[1.34112,41.4307],[1.32832,41.42723],[1.32716,41.42809],[1.3282,41.43225],[1.32716,41.44117],[1.32107,41.44823],[1.31794,41.4427],[1.31433,41.44159],[1.30741,41.43551],[1.30342,41.42782],[1.30004,41.42852],[1.29154,41.42543],[1.28723,41.4179],[1.28317,41.41751],[1.27096,41.40806],[1.25939,41.40385],[1.26119,41.39859],[1.25596,41.39081],[1.25227,41.38777],[1.25366,41.38483],[1.24046,41.38386],[1.23898,41.38003],[1.23971,41.37571],[1.23016,41.37357],[1.22562,41.36318],[1.22567,41.35058],[1.221,41.34256],[1.21127,41.33401],[1.1969,41.32852],[1.19341,41.32291],[1.19129,41.3153],[1.18809,41.31622],[1.18489,41.3196],[1.17447,41.32034],[1.17062,41.31729],[1.15772,41.31517],[1.15238,41.31108],[1.14928,41.31157],[1.14445,41.30887],[1.13843,41.30841],[1.13278,41.30568],[1.12635,41.30542],[1.10312,41.30971],[1.1024,41.31051],[1.1078,41.31334],[1.10409,41.31547],[1.09767,41.31526],[1.07865,41.31847],[1.07515,41.32131],[1.06488,41.31986],[1.06689,41.32311],[1.06411,41.32629],[1.04287,41.31832],[1.05386,41.3063],[1.06622,41.30474],[1.05741,41.29412],[1.05814,41.27335],[1.0531,41.26808],[1.08878,41.26374],[1.09349,41.26592],[1.09951,41.26605],[1.10268,41.25737],[1.10404,41.257],[1.11899,41.26067],[1.12461,41.25802],[1.1277,41.25938],[1.14068,41.25834],[1.14186,41.25673],[1.14145,41.25168],[1.14355,41.24722],[1.16047,41.2385],[1.15345,41.23208],[1.15799,41.22933],[1.17283,41.2233],[1.17456,41.22558],[1.18084,41.22343],[1.18748,41.23215],[1.19599,41.22373],[1.20298,41.22826],[1.21743,41.21549],[1.22567,41.21457],[1.2273,41.21876],[1.23273,41.21732],[1.23383,41.20393],[1.24598,41.20395],[1.25903,41.19964],[1.26049,41.20121],[1.25303,41.21308],[1.24233,41.22143],[1.24686,41.22607],[1.25957,41.2225],[1.26155,41.22331],[1.26706,41.2299],[1.26708,41.2324],[1.27649,41.23622],[1.2814,41.23301],[1.29597,41.23868],[1.30106,41.23563],[1.3036,41.23667],[1.30877,41.23173],[1.31191,41.23163],[1.31562,41.22911],[1.31784,41.22367],[1.32209,41.22227],[1.32518,41.21936],[1.32761,41.21841],[1.33597,41.22067],[1.33982,41.21405],[1.34351,41.21589],[1.34304,41.21915],[1.3482,41.2221],[1.35203,41.2206],[1.35349,41.22467],[1.35009,41.22614],[1.34799,41.22902],[1.34958,41.23061],[1.34899,41.23175],[1.34378,41.23123],[1.34661,41.22982],[1.34646,41.22835],[1.3415,41.22886],[1.34003,41.23001],[1.34074,41.23313],[1.33429,41.23549],[1.33385,41.23719],[1.33772,41.23861],[1.34639,41.23704],[1.3507,41.23824],[1.35075,41.24053],[1.34709,41.24137],[1.35751,41.25471],[1.36068,41.252],[1.36633,41.25085],[1.36776,41.24517],[1.37036,41.24288],[1.38999,41.2418],[1.39835,41.23916],[1.40715,41.24153],[1.41316,41.24119],[1.41515,41.24527],[1.42093,41.24858],[1.42609,41.24818],[1.43512,41.25126],[1.43438,41.255],[1.41881,41.26286],[1.39999,41.26346],[1.40301,41.26762],[1.40276,41.27085],[1.41034,41.27493],[1.4395,41.2723],[1.43344,41.2824],[1.43603,41.2859],[1.43477,41.28697],[1.42632,41.28627],[1.41378,41.28769],[1.39897,41.29228],[1.4081,41.2979],[1.41422,41.29878],[1.41883,41.303],[1.42411,41.30473],[1.42546,41.30816],[1.42029,41.31382],[1.41473,41.31739],[1.40363,41.32125],[1.40208,41.32501],[1.42718,41.33608],[1.46282,41.35624],[1.49374,41.35528],[1.50436,41.36159],[1.51252,41.35916],[1.51827,41.36456],[1.5281,41.369],[1.53702,41.38534],[1.5304,41.38764],[1.51858,41.38886],[1.5097,41.39423],[1.50303,41.3907],[1.49546,41.38967],[1.48423,41.38165],[1.47319,41.38026],[1.47411,41.38301],[1.47986,41.38713],[1.48211,41.39812],[1.48948,41.39988],[1.4902,41.40173],[1.4874,41.40972],[1.4827,41.41543],[1.48181,41.41853],[1.48367,41.42174],[1.47746,41.4234],[1.47596,41.42931],[1.47854,41.4331],[1.48442,41.43177],[1.49595,41.43572],[1.47609,41.4355],[1.46865,41.44369],[1.48028,41.45384],[1.48699,41.46452],[1.48579,41.4719],[1.47594,41.47798]]]},"properties":{"OBJECTID":1,"CODICOMAR":"01","NOMCOMAR":"Alt Camp","CAPCOMAR":"Valls","CAPCOMIND":"Valls","AREAC5000":537.7274,"SHAPE_Length":177998.15508960775,"SHAPE_Area":537685120.9658028}},{"type":"Feature","id":2,"geometry":{"type":"MultiPolygon","coordinates":[[[[3.16616,42.11369],[3.16652,42.11386],[3.16625,42.11406],[3.16616,42.11369]]],[[[3.13159,42.1286],[3.13178,42.12883],[3.13132,42.12894],[3.13159,42.1286]]],[[[3.12337,42.13557],[3.1232,42.13593],[3.12318,42.13523],[3.12337,42.13557]]],[[[3.26335,42.23729],[3.26432,42.23727],[3.26435,42.2373],[3.26335,42.23729]]],[[[3.20299,42.23993],[3.20329,42.24017],[3.2027,42.24016],[3.20299,42.23993]]],[[[3.20331,42.24081],[3.20345,42.24026],[3.2036,42.24086],[3.20331,42.24081]]],[[[3.19774,42.2427],[3.19859,42.24289],[3.19817,42.24305],[3.19774,42.2427]]],[[[3.28314,42.26013],[3.28363,42.26031],[3.2831,42.26018],[3.28314,42.26013]]],[[[3.28327,42.27379],[3.28378,42.27376],[3.28372,42.27386],[3.28327,42.27379]]],[[[3.29114,42.27965],[3.29158,42.27949],[3.29151,42.2798],[3.29114,42.27965]]],[[[3.29316,42.28038],[3.29358,42.28154],[3.29201,42.28236],[3.2918,42.28118],[3.29316,42.28038]]],[[[3.2801,42.28164],[3.27937,42.28238],[3.27847,42.28253],[3.27903,42.28197],[3.2801,42.28164]]],[[[3.29701,42.28899],[3.29696,42.28962],[3.2967,42.28927],[3.29701,42.28899]]],[[[3.29673,42.29122],[3.29686,42.29167],[3.29639,42.29135],[3.29673,42.29122]]],[[[3.30843,42.29161],[3.30932,42.2914],[3.30823,42.29245],[3.30843,42.29161]]],[[[3.30934,42.29171],[3.30966,42.29178],[3.30885,42.29246],[3.30934,42.29171]]],[[[3.2969,42.2933],[3.29713,42.29341],[3.29675,42.29364],[3.2969,42.2933]]],[[[3.29612,42.29019],[3.29554,42.29429],[3.29315,42.29286],[3.29612,42.29019]]],[[[3.29583,42.29454],[3.29641,42.29483],[3.29544,42.29536],[3.29583,42.29454]]],[[[3.30082,42.30518],[3.30105,42.3054],[3.30067,42.30546],[3.30082,42.30518]]],[[[3.30964,42.31252],[3.31,42.31269],[3.30951,42.31278],[3.30964,42.31252]]],[[[3.32206,42.31856],[3.32223,42.31879],[3.32171,42.31868],[3.32206,42.31856]]],[[[3.33149,42.32016],[3.33216,42.31924],[3.33248,42.32005],[3.33149,42.32016]]],[[[3.3238,42.3219],[3.32392,42.32231],[3.32348,42.32202],[3.3238,42.3219]]],[[[3.31934,42.32381],[3.31943,42.32483],[3.31824,42.32442],[3.32147,42.32146],[3.32443,42.32129],[3.32186,42.32199],[3.32232,42.3234],[3.31934,42.32381]]],[[[3.29873,42.32736],[3.29884,42.32762],[3.29853,42.32755],[3.29873,42.32736]]],[[[3.30655,42.32755],[3.30511,42.32819],[3.30399,42.3274],[3.30502,42.32706],[3.30655,42.32755]]],[[[3.29829,42.3283],[3.29807,42.32814],[3.29869,42.32831],[3.29829,42.3283]]],[[[3.28598,42.33225],[3.28705,42.33276],[3.28579,42.33345],[3.28598,42.33225]]],[[[3.2604,42.33652],[3.26083,42.33664],[3.26034,42.33668],[3.2604,42.33652]]],[[[3.27752,42.33731],[3.27765,42.33752],[3.27722,42.33748],[3.27752,42.33731]]],[[[3.24042,42.33738],[3.24132,42.33742],[3.24057,42.33772],[3.24042,42.33738]]],[[[3.27071,42.33872],[3.27117,42.33856],[3.27125,42.33862],[3.27071,42.33872]]],[[[3.24042,42.33898],[3.24048,42.33938],[3.24007,42.33905],[3.24042,42.33898]]],[[[3.24335,42.33932],[3.24231,42.34013],[3.24179,42.33979],[3.24335,42.33932]]],[[[3.21824,42.35007],[3.2179,42.35028],[3.21772,42.35017],[3.21824,42.35007]]],[[[3.17824,42.35314],[3.17864,42.3532],[3.17855,42.35333],[3.17824,42.35314]]],[[[3.18243,42.35293],[3.18334,42.35341],[3.18291,42.35369],[3.18243,42.35293]]],[[[3.17566,42.35473],[3.17593,42.35449],[3.17631,42.35469],[3.17566,42.35473]]],[[[3.16534,42.36182],[3.16486,42.36242],[3.1647,42.36247],[3.16534,42.36182]]],[[[3.16722,42.36737],[3.16751,42.36751],[3.16714,42.3675],[3.16722,42.36737]]],[[[3.1652,42.37252],[3.16561,42.37267],[3.16556,42.37283],[3.1652,42.37252]]],[[[3.15923,42.38332],[3.1593,42.38373],[3.15904,42.38364],[3.15923,42.38332]]],[[[3.16297,42.38476],[3.16329,42.38479],[3.16306,42.38509],[3.16297,42.38476]]],[[[3.16469,42.39993],[3.165,42.40015],[3.16462,42.39997],[3.16469,42.39993]]],[[[3.16518,42.40161],[3.16641,42.40136],[3.1658,42.40187],[3.16518,42.40161]]],[[[3.16472,42.41087],[3.16546,42.41099],[3.16558,42.4113],[3.16472,42.41087]]],[[[2.96018,42.47387],[2.94652,42.481],[2.9379,42.47718],[2.93002,42.47203],[2.92492,42.46337],[2.92451,42.45855],[2.91752,42.45628],[2.90464,42.45692],[2.89147,42.46201],[2.88612,42.4598],[2.88224,42.46049],[2.87652,42.46554],[2.87048,42.46743],[2.86442,42.46436],[2.86417,42.45961],[2.86161,42.45501],[2.85675,42.45406],[2.83909,42.45941],[2.83231,42.45223],[2.83349,42.44823],[2.82771,42.43956],[2.82512,42.43884],[2.81844,42.44045],[2.81194,42.43548],[2.80994,42.43165],[2.80519,42.43201],[2.80093,42.42394],[2.80064,42.42159],[2.8023,42.42063],[2.80066,42.41841],[2.78395,42.4175],[2.77639,42.41236],[2.77032,42.41177],[2.76499,42.41633],[2.75979,42.4186],[2.75776,42.42389],[2.75487,42.4262],[2.73991,42.42378],[2.73335,42.42454],[2.73032,42.42258],[2.7166,42.42135],[2.71062,42.41598],[2.70315,42.4115],[2.697,42.41034],[2.69282,42.40646],[2.68609,42.40714],[2.67434,42.40498],[2.6713,42.40236],[2.6734,42.39917],[2.67036,42.38733],[2.66573,42.38562],[2.65195,42.38888],[2.6514,42.38659],[2.66118,42.37731],[2.66283,42.37162],[2.66088,42.36602],[2.66553,42.36262],[2.67086,42.36107],[2.67485,42.35707],[2.67659,42.3464],[2.6755,42.34241],[2.67175,42.34087],[2.65595,42.34144],[2.6515,42.34381],[2.63448,42.34389],[2.63289,42.34492],[2.63345,42.34621],[2.63138,42.34655],[2.62336,42.34531],[2.61046,42.3468],[2.60167,42.34924],[2.60012,42.3516],[2.59,42.35382],[2.58538,42.3572],[2.576,42.35796],[2.56932,42.35676],[2.56187,42.36113],[2.56224,42.3553],[2.55403,42.35316],[2.55395,42.34633],[2.55243,42.3434],[2.54874,42.33986],[2.54426,42.33868],[2.54215,42.33425],[2.55124,42.3285],[2.56234,42.31835],[2.57816,42.32152],[2.58065,42.32631],[2.59177,42.32785],[2.61404,42.31856],[2.61212,42.31485],[2.61551,42.31306],[2.61768,42.30685],[2.62081,42.30972],[2.63078,42.31281],[2.63175,42.30502],[2.62958,42.30272],[2.62789,42.29597],[2.64477,42.29773],[2.65681,42.29618],[2.65958,42.29019],[2.66504,42.28415],[2.66578,42.28169],[2.66439,42.27738],[2.66751,42.27262],[2.66151,42.26997],[2.66091,42.26764],[2.66319,42.26641],[2.66169,42.26535],[2.67144,42.26337],[2.67061,42.25942],[2.67255,42.25689],[2.67694,42.26019],[2.67227,42.26255],[2.6903,42.26265],[2.68348,42.26794],[2.67666,42.27073],[2.69606,42.27391],[2.7088,42.267],[2.70627,42.25962],[2.70253,42.25873],[2.70118,42.25458],[2.70232,42.24945],[2.71824,42.25081],[2.72209,42.24672],[2.72326,42.24709],[2.72719,42.25022],[2.72652,42.2544],[2.72916,42.26318],[2.73054,42.26389],[2.75222,42.25878],[2.77151,42.25221],[2.76853,42.23836],[2.77821,42.2272],[2.77591,42.22389],[2.77671,42.21707],[2.78484,42.20506],[2.78276,42.20135],[2.78622,42.19878],[2.79856,42.19867],[2.8064,42.20208],[2.81241,42.1995],[2.81987,42.19894],[2.82539,42.20209],[2.83151,42.19933],[2.83411,42.20234],[2.83475,42.20084],[2.83283,42.20052],[2.83408,42.19829],[2.83349,42.18932],[2.82788,42.18302],[2.8333,42.17919],[2.84143,42.1812],[2.84915,42.1803],[2.8592,42.19031],[2.86186,42.19908],[2.86369,42.20091],[2.8681,42.19948],[2.87073,42.19662],[2.87714,42.19576],[2.87901,42.19442],[2.87886,42.19146],[2.87611,42.1835],[2.88384,42.18248],[2.89211,42.17878],[2.89764,42.1652],[2.89842,42.16222],[2.89156,42.15506],[2.88835,42.15404],[2.88846,42.14995],[2.89388,42.14834],[2.90118,42.13876],[2.90104,42.13426],[2.89888,42.13133],[2.8985,42.12102],[2.90428,42.11062],[2.91337,42.11055],[2.91606,42.114],[2.92493,42.11526],[2.92628,42.11681],[2.9315,42.11369],[2.93845,42.11642],[2.95427,42.11213],[2.96022,42.1128],[2.96269,42.11448],[2.97524,42.1151],[2.98151,42.1188],[2.99504,42.12331],[2.99557,42.12953],[2.99876,42.1302],[2.99554,42.1343],[2.99941,42.13489],[3.00144,42.1397],[3.00422,42.14047],[3.0084,42.13536],[3.01414,42.1334],[3.01603,42.12869],[3.01856,42.12683],[3.02137,42.12753],[3.03317,42.12391],[3.04179,42.11675],[3.04585,42.11023],[3.05015,42.10969],[3.04993,42.11248],[3.0593,42.11463],[3.06664,42.11856],[3.07449,42.1189],[3.07463,42.11751],[3.08324,42.11939],[3.08864,42.12134],[3.09477,42.12665],[3.09699,42.11925],[3.10763,42.11679],[3.10597,42.11219],[3.10838,42.10295],[3.12805,42.10843],[3.12981,42.10803],[3.13207,42.0983],[3.15366,42.10439],[3.16151,42.1089],[3.1746,42.1073],[3.17689,42.11139],[3.1726,42.11174],[3.17149,42.1143],[3.16917,42.11488],[3.16484,42.11305],[3.16335,42.11535],[3.1583,42.11583],[3.14982,42.12111],[3.14733,42.12102],[3.14542,42.11981],[3.14816,42.12092],[3.15067,42.12042],[3.14922,42.11954],[3.14501,42.11891],[3.14851,42.11853],[3.14897,42.11699],[3.14554,42.11752],[3.14715,42.11808],[3.14329,42.1172],[3.1454,42.11748],[3.14516,42.11563],[3.14272,42.11691],[3.14174,42.11499],[3.13807,42.11567],[3.13694,42.11694],[3.13835,42.11859],[3.13831,42.12189],[3.13666,42.12643],[3.13385,42.12794],[3.13339,42.12662],[3.12561,42.127],[3.12365,42.12862],[3.12464,42.13078],[3.12237,42.13145],[3.12338,42.13339],[3.12184,42.13391],[3.11922,42.13975],[3.121,42.14067],[3.11947,42.14024],[3.11788,42.14196],[3.11467,42.15255],[3.11087,42.1847],[3.11085,42.20211],[3.11484,42.21676],[3.12163,42.2309],[3.13096,42.24219],[3.13584,42.24521],[3.13339,42.24733],[3.13639,42.24569],[3.13564,42.24833],[3.14716,42.25728],[3.15089,42.2592],[3.15101,42.25739],[3.15129,42.25993],[3.1661,42.2647],[3.17353,42.26334],[3.17463,42.26149],[3.17149,42.25989],[3.17505,42.26137],[3.17307,42.25966],[3.17589,42.26103],[3.17919,42.2587],[3.17577,42.25693],[3.17524,42.25512],[3.17556,42.2541],[3.17622,42.25708],[3.18064,42.25786],[3.181,42.25648],[3.17812,42.25607],[3.17801,42.25669],[3.17673,42.25645],[3.17789,42.25558],[3.17665,42.25541],[3.1782,42.25531],[3.17891,42.2525],[3.17843,42.25538],[3.18108,42.25579],[3.18108,42.2521],[3.18002,42.25104],[3.1768,42.25149],[3.17737,42.25095],[3.18164,42.25096],[3.18044,42.24781],[3.18225,42.24552],[3.19114,42.24558],[3.19657,42.24709],[3.19852,42.24337],[3.20779,42.24056],[3.20907,42.23903],[3.20734,42.23736],[3.21196,42.23743],[3.21795,42.23239],[3.22046,42.23346],[3.22053,42.23658],[3.22644,42.23765],[3.22493,42.23985],[3.22894,42.2404],[3.22584,42.24353],[3.23083,42.24516],[3.22685,42.24898],[3.22706,42.25048],[3.22943,42.25157],[3.23764,42.24749],[3.23908,42.25099],[3.24386,42.24967],[3.24924,42.2407],[3.25831,42.23912],[3.26163,42.2372],[3.26437,42.23788],[3.26626,42.24334],[3.25401,42.24429],[3.25414,42.24581],[3.25261,42.24642],[3.25634,42.24889],[3.25364,42.25256],[3.25513,42.25339],[3.26138,42.25096],[3.26665,42.25367],[3.27403,42.25401],[3.27684,42.25266],[3.2794,42.2531],[3.27899,42.25493],[3.28159,42.25386],[3.28009,42.2556],[3.28096,42.25816],[3.28245,42.25821],[3.28214,42.25903],[3.28777,42.26587],[3.28631,42.2676],[3.28727,42.27097],[3.2831,42.27014],[3.28311,42.27351],[3.2807,42.27438],[3.28013,42.27701],[3.27684,42.27983],[3.27724,42.28127],[3.28076,42.2804],[3.27567,42.28375],[3.27609,42.28706],[3.28092,42.28847],[3.28341,42.28574],[3.28776,42.28493],[3.28762,42.28251],[3.28843,42.28356],[3.29018,42.28226],[3.29131,42.28359],[3.29553,42.28274],[3.29521,42.28427],[3.29699,42.28365],[3.296,42.28581],[3.29925,42.28455],[3.29582,42.28992],[3.29044,42.29225],[3.29081,42.28949],[3.28619,42.29325],[3.29198,42.29487],[3.29116,42.29711],[3.28853,42.29737],[3.2894,42.2991],[3.292,42.29904],[3.29299,42.30171],[3.28806,42.30193],[3.28654,42.30356],[3.28839,42.30314],[3.29004,42.30473],[3.28923,42.30682],[3.29166,42.3072],[3.29466,42.3071],[3.2958,42.30465],[3.30029,42.30448],[3.29818,42.30677],[3.30253,42.30799],[3.3017,42.31008],[3.30274,42.31145],[3.30425,42.31],[3.30368,42.31163],[3.30538,42.31123],[3.30623,42.31332],[3.30585,42.31058],[3.30758,42.31066],[3.30759,42.31406],[3.30926,42.31265],[3.30953,42.31308],[3.31274,42.31302],[3.31145,42.31764],[3.31574,42.31448],[3.31816,42.31454],[3.31515,42.31764],[3.32039,42.31675],[3.32224,42.31948],[3.31175,42.32466],[3.31055,42.32383],[3.31099,42.32019],[3.30693,42.32254],[3.30892,42.3231],[3.30734,42.32496],[3.30861,42.32598],[3.30765,42.327],[3.30442,42.3267],[3.30537,42.32539],[3.30263,42.32664],[3.30072,42.32587],[3.29433,42.32975],[3.29227,42.32953],[3.29304,42.32675],[3.28907,42.32938],[3.28915,42.32733],[3.28813,42.32799],[3.2882,42.32665],[3.286,42.32542],[3.28702,42.32713],[3.28573,42.33149],[3.28212,42.33292],[3.27762,42.33258],[3.28005,42.33359],[3.27877,42.33479],[3.28031,42.33621],[3.27094,42.33777],[3.26765,42.34042],[3.26114,42.34034],[3.26326,42.33671],[3.2608,42.33765],[3.26261,42.33455],[3.26004,42.33486],[3.26046,42.3331],[3.25869,42.3351],[3.25626,42.33534],[3.2541,42.33505],[3.25494,42.33415],[3.25348,42.3333],[3.25056,42.33581],[3.25132,42.33017],[3.24976,42.3297],[3.24717,42.33229],[3.24647,42.33643],[3.24134,42.33515],[3.23952,42.33751],[3.23991,42.33992],[3.23681,42.34346],[3.2381,42.34418],[3.23823,42.34887],[3.22926,42.35156],[3.22753,42.35138],[3.22686,42.34936],[3.22314,42.34908],[3.22235,42.34737],[3.21919,42.34978],[3.21531,42.34949],[3.21509,42.34695],[3.2114,42.3471],[3.21003,42.34379],[3.20924,42.34548],[3.20343,42.34705],[3.19997,42.34083],[3.20252,42.34215],[3.20302,42.34133],[3.20118,42.34096],[3.20328,42.34126],[3.20232,42.33966],[3.20396,42.33917],[3.20213,42.33792],[3.2034,42.33716],[3.20009,42.33514],[3.19649,42.33496],[3.19345,42.33812],[3.19031,42.33906],[3.18988,42.34158],[3.18551,42.34365],[3.18611,42.34905],[3.18811,42.34982],[3.18787,42.35181],[3.18426,42.35039],[3.18154,42.35182],[3.1825,42.3526],[3.17805,42.35289],[3.17745,42.35457],[3.17543,42.35441],[3.17244,42.35574],[3.17112,42.35794],[3.16304,42.36029],[3.16446,42.36212],[3.1633,42.36482],[3.16649,42.36612],[3.16714,42.36883],[3.1646,42.37155],[3.16508,42.37428],[3.16264,42.37481],[3.16443,42.3741],[3.16285,42.37306],[3.16385,42.37179],[3.16251,42.37123],[3.16137,42.37264],[3.16299,42.37384],[3.16113,42.37303],[3.16212,42.37145],[3.15955,42.37163],[3.15919,42.37406],[3.15771,42.37451],[3.15858,42.37645],[3.15502,42.37875],[3.15963,42.38509],[3.16276,42.38471],[3.16256,42.38626],[3.16697,42.38964],[3.16315,42.39167],[3.1597,42.38894],[3.15401,42.39102],[3.15268,42.39354],[3.1648,42.401],[3.1623,42.40446],[3.15792,42.40513],[3.15881,42.40463],[3.15733,42.40356],[3.15596,42.40716],[3.16145,42.40914],[3.16209,42.41136],[3.16553,42.41138],[3.16488,42.41336],[3.17073,42.41664],[3.16875,42.42031],[3.1689,42.42334],[3.17036,42.42443],[3.16621,42.42667],[3.16803,42.4254],[3.16353,42.4273],[3.16162,42.42667],[3.16057,42.4282],[3.16449,42.43027],[3.16898,42.43004],[3.17145,42.43339],[3.17491,42.43354],[3.17405,42.43475],[3.17497,42.43498],[3.16406,42.436],[3.15642,42.43414],[3.15344,42.43578],[3.14521,42.43324],[3.13429,42.43576],[3.12566,42.43485],[3.12117,42.43735],[3.11835,42.43708],[3.10996,42.43536],[3.10283,42.42862],[3.10267,42.42659],[3.09888,42.42516],[3.08572,42.4256],[3.08053,42.4285],[3.07585,42.43528],[3.07005,42.43592],[3.06705,42.44258],[3.05851,42.44567],[3.05129,42.45453],[3.04752,42.45683],[3.0467,42.46115],[3.04376,42.46485],[3.0405,42.47346],[3.03182,42.47492],[3.01838,42.47011],[3.01302,42.4664],[2.99987,42.47333],[2.9888,42.47402],[2.98244,42.4718],[2.97969,42.46735],[2.96741,42.4655],[2.96018,42.47387]]]]},"properties":{"OBJECTID":2,"CODICOMAR":"02","NOMCOMAR":"Alt Empordà","CAPCOMAR":"Figueres","CAPCOMIND":"Figueres","AREAC5000":1356.907,"SHAPE_Length":331488.5790968439,"SHAPE_Area":1356795834.073401}},{"type":"Feature","id":3,"geometry":{"type":"Polygon","coordinates":[[[1.63295,41.50751],[1.61519,41.51328],[1.60588,41.51303],[1.61006,41.50944],[1.6105,41.50521],[1.60119,41.50414],[1.59944,41.50018],[1.60216,41.49499],[1.58416,41.49081],[1.57824,41.48496],[1.57038,41.48035],[1.57061,41.4723],[1.58289,41.46234],[1.59142,41.4613],[1.59435,41.4513],[1.57216,41.44319],[1.57173,41.44491],[1.56436,41.45064],[1.55379,41.45104],[1.55136,41.44649],[1.54741,41.44689],[1.54331,41.44534],[1.5425,41.44201],[1.53647,41.44502],[1.53316,41.44186],[1.53547,41.43996],[1.52215,41.43834],[1.51055,41.43491],[1.50262,41.42846],[1.49595,41.43572],[1.48442,41.43177],[1.47854,41.4331],[1.47578,41.42845],[1.47746,41.4234],[1.48367,41.42174],[1.48181,41.41853],[1.4827,41.41543],[1.4874,41.40972],[1.4902,41.40173],[1.48948,41.39988],[1.48211,41.39812],[1.47986,41.38713],[1.47411,41.38301],[1.47319,41.38026],[1.48423,41.38165],[1.49546,41.38967],[1.50303,41.3907],[1.5097,41.39423],[1.51858,41.38886],[1.5304,41.38764],[1.53702,41.38534],[1.54586,41.3794],[1.54805,41.3746],[1.54754,41.37208],[1.55124,41.36841],[1.56789,41.36926],[1.57007,41.36703],[1.57058,41.36146],[1.57386,41.36341],[1.57822,41.36241],[1.57886,41.35636],[1.57649,41.35571],[1.57819,41.35343],[1.57369,41.35541],[1.55908,41.34332],[1.56634,41.33915],[1.56936,41.33283],[1.56913,41.32969],[1.57363,41.32553],[1.57425,41.32249],[1.57253,41.3221],[1.57255,41.31951],[1.57497,41.31499],[1.57831,41.31575],[1.58368,41.31446],[1.59309,41.311],[1.59636,41.30845],[1.59671,41.30712],[1.58864,41.29761],[1.59021,41.29361],[1.60389,41.28916],[1.60278,41.28658],[1.61181,41.28519],[1.61657,41.29332],[1.6315,41.2989],[1.63675,41.29609],[1.63303,41.29427],[1.62743,41.29414],[1.62696,41.29092],[1.62952,41.28862],[1.62931,41.28336],[1.62678,41.2803],[1.62083,41.27765],[1.62595,41.27294],[1.62745,41.26974],[1.62322,41.2671],[1.6226,41.26363],[1.62422,41.26228],[1.621,41.25624],[1.62219,41.25474],[1.61989,41.2535],[1.60605,41.24991],[1.60257,41.25288],[1.59593,41.25494],[1.59634,41.25672],[1.59383,41.25819],[1.58485,41.25731],[1.57012,41.26066],[1.57539,41.25537],[1.57871,41.24141],[1.58315,41.23599],[1.58398,41.23717],[1.59343,41.23372],[1.60216,41.2348],[1.61417,41.22987],[1.61516,41.22594],[1.6215,41.22363],[1.63108,41.22449],[1.63318,41.23097],[1.64043,41.23598],[1.66922,41.24624],[1.67089,41.24971],[1.6707,41.25488],[1.67522,41.25675],[1.67736,41.26085],[1.69058,41.27175],[1.69034,41.27396],[1.69313,41.27535],[1.6932,41.28039],[1.70297,41.29059],[1.70017,41.29549],[1.70284,41.29954],[1.70961,41.30144],[1.72158,41.30144],[1.72914,41.29942],[1.73762,41.295],[1.74001,41.29685],[1.74301,41.29687],[1.74804,41.3011],[1.75305,41.30175],[1.7542,41.30074],[1.75803,41.30305],[1.75675,41.3044],[1.75882,41.30848],[1.76501,41.31285],[1.76311,41.3155],[1.76338,41.32103],[1.77732,41.32888],[1.79197,41.32325],[1.80536,41.32425],[1.81014,41.32328],[1.81291,41.32096],[1.81985,41.32107],[1.82433,41.31915],[1.82856,41.32103],[1.83212,41.32053],[1.84057,41.31541],[1.84785,41.31932],[1.85166,41.31924],[1.86181,41.33424],[1.87127,41.33849],[1.86971,41.34214],[1.87047,41.34308],[1.88296,41.34449],[1.89594,41.3515],[1.89838,41.35481],[1.89655,41.3568],[1.89698,41.36014],[1.89007,41.36279],[1.88891,41.36569],[1.89024,41.3684],[1.88724,41.372],[1.88153,41.37337],[1.87089,41.38041],[1.86934,41.38728],[1.87667,41.38961],[1.87483,41.395],[1.87762,41.40417],[1.88495,41.40814],[1.88119,41.41159],[1.88229,41.41423],[1.88875,41.41892],[1.88918,41.4219],[1.88751,41.42301],[1.89131,41.43002],[1.89488,41.43007],[1.89691,41.43271],[1.89463,41.4373],[1.87277,41.4602],[1.87281,41.47342],[1.87009,41.47812],[1.85441,41.4851],[1.84202,41.49372],[1.83181,41.49572],[1.82499,41.48532],[1.8239,41.48149],[1.80961,41.48069],[1.80601,41.47332],[1.80288,41.47309],[1.79297,41.47633],[1.79251,41.47341],[1.79751,41.46936],[1.79791,41.46661],[1.7937,41.46565],[1.79175,41.46715],[1.78766,41.46703],[1.78015,41.46347],[1.77749,41.46482],[1.77471,41.46341],[1.77637,41.45077],[1.76908,41.44559],[1.74888,41.45336],[1.75145,41.45762],[1.71175,41.46775],[1.70732,41.47268],[1.70267,41.4737],[1.69936,41.47635],[1.6953,41.48393],[1.69042,41.4881],[1.68,41.50713],[1.66815,41.50883],[1.66534,41.50672],[1.63295,41.50751]],[[1.63552,41.30955],[1.62926,41.31046],[1.63379,41.31332],[1.64243,41.31288],[1.64005,41.31049],[1.63552,41.30955]]]},"properties":{"OBJECTID":3,"CODICOMAR":"03","NOMCOMAR":"Alt Penedès","CAPCOMAR":"Vilafranca del Penedès","CAPCOMIND":"Vilafranca del Penedès","AREAC5000":592.4545,"SHAPE_Length":165056.012326384,"SHAPE_Area":592434895.0000389}},{"type":"Feature","id":4,"geometry":{"type":"MultiPolygon","coordinates":[[[[1.31969,41.98228],[1.32235,41.98617],[1.32042,41.98932],[1.32141,41.9903],[1.31941,41.99157],[1.31368,41.98944],[1.3131,41.98716],[1.31462,41.98372],[1.31969,41.98228]]],[[[1.4525,42.53863],[1.43883,42.54346],[1.43094,42.53932],[1.42553,42.53922],[1.41324,42.53522],[1.41042,42.53356],[1.40754,42.52745],[1.39978,42.52577],[1.39442,42.52642],[1.39246,42.52054],[1.3843,42.51458],[1.3752,42.51392],[1.37055,42.51825],[1.363,42.51883],[1.36554,42.51077],[1.36322,42.50468],[1.36327,42.49854],[1.36576,42.49507],[1.35674,42.48243],[1.34554,42.48127],[1.3442,42.47416],[1.34029,42.46733],[1.32708,42.4548],[1.32073,42.44561],[1.317,42.44524],[1.31147,42.44995],[1.30768,42.4505],[1.28655,42.44773],[1.28096,42.44406],[1.27035,42.4426],[1.26506,42.44823],[1.26078,42.44846],[1.2562,42.45238],[1.25185,42.44283],[1.25323,42.4388],[1.2582,42.43262],[1.26156,42.41982],[1.25888,42.41856],[1.25288,42.41916],[1.2447,42.41537],[1.24653,42.40065],[1.24496,42.39729],[1.24521,42.38473],[1.23686,42.37343],[1.23634,42.3694],[1.23066,42.36894],[1.21043,42.3603],[1.20936,42.35804],[1.20016,42.35123],[1.19756,42.35178],[1.18833,42.34891],[1.18414,42.34254],[1.18339,42.3372],[1.17191,42.32879],[1.17594,42.3278],[1.17224,42.32629],[1.16394,42.31537],[1.16441,42.31193],[1.16625,42.31037],[1.16538,42.30928],[1.14384,42.30625],[1.1344,42.30737],[1.12892,42.29979],[1.12253,42.2956],[1.138,42.29045],[1.14657,42.28546],[1.14832,42.28286],[1.15385,42.28181],[1.15733,42.27846],[1.15805,42.27006],[1.15347,42.26689],[1.15099,42.25802],[1.15738,42.24973],[1.15837,42.24649],[1.14906,42.24084],[1.14021,42.23825],[1.13923,42.23589],[1.14286,42.22935],[1.14237,42.22743],[1.15282,42.22385],[1.15373,42.22034],[1.15671,42.21909],[1.16496,42.21912],[1.16822,42.21541],[1.16841,42.20141],[1.16296,42.19616],[1.16051,42.19005],[1.16745,42.18846],[1.17573,42.18259],[1.18162,42.18148],[1.18653,42.17575],[1.18639,42.1714],[1.18176,42.16768],[1.18184,42.16223],[1.17586,42.15743],[1.1736,42.15311],[1.16774,42.15364],[1.16054,42.15082],[1.16199,42.14609],[1.16153,42.14153],[1.15574,42.13562],[1.15811,42.12562],[1.15742,42.12292],[1.16606,42.12305],[1.1676,42.11884],[1.16209,42.10468],[1.16501,42.10071],[1.16386,42.09833],[1.16754,42.08875],[1.16674,42.08234],[1.16944,42.08244],[1.17165,42.08439],[1.18032,42.08493],[1.18383,42.08967],[1.18574,42.08571],[1.20004,42.09],[1.20275,42.08373],[1.21082,42.07656],[1.21286,42.07685],[1.21449,42.07944],[1.22097,42.0796],[1.22046,42.07811],[1.22339,42.07581],[1.21908,42.0688],[1.22403,42.06978],[1.23681,42.06586],[1.23509,42.06353],[1.23812,42.06306],[1.23672,42.06059],[1.242,42.0529],[1.23976,42.0496],[1.23335,42.04642],[1.23497,42.04274],[1.24099,42.03644],[1.2392,42.02779],[1.23633,42.02458],[1.23662,42.02019],[1.24873,42.01178],[1.24824,42.00833],[1.24996,42.00679],[1.26092,42.00339],[1.26349,41.99885],[1.26052,41.9906],[1.25807,41.98914],[1.25696,41.98174],[1.25798,41.97647],[1.26247,41.97486],[1.26228,41.97267],[1.2527,41.94452],[1.24865,41.93944],[1.26001,41.94247],[1.2856,41.95851],[1.2879,41.95646],[1.29086,41.95793],[1.2917,41.96068],[1.29023,41.96265],[1.29473,41.967],[1.29875,41.98046],[1.30801,41.98559],[1.30977,41.98821],[1.30901,41.98998],[1.30481,41.99192],[1.30696,41.99406],[1.30918,41.99484],[1.32266,41.99138],[1.33281,41.99089],[1.35332,41.99479],[1.36263,42.00002],[1.36312,42.00415],[1.35927,42.0071],[1.36036,42.00969],[1.35783,42.01023],[1.35745,42.01181],[1.35831,42.01945],[1.35477,42.02279],[1.35604,42.02275],[1.35668,42.02527],[1.35573,42.02807],[1.35922,42.0284],[1.36036,42.03008],[1.35695,42.03887],[1.3641,42.04295],[1.36327,42.0447],[1.3583,42.04648],[1.3604,42.05077],[1.35955,42.06281],[1.3568,42.06653],[1.35872,42.07256],[1.35777,42.07749],[1.34984,42.07302],[1.33911,42.07753],[1.33456,42.07698],[1.33101,42.08002],[1.32348,42.09493],[1.32684,42.11513],[1.33451,42.11918],[1.3419,42.1197],[1.34909,42.12358],[1.35066,42.12848],[1.36199,42.12997],[1.3666,42.13928],[1.36475,42.14214],[1.36144,42.14185],[1.35757,42.14795],[1.36513,42.14863],[1.36901,42.15168],[1.37846,42.15478],[1.38967,42.15123],[1.39623,42.15063],[1.40452,42.15547],[1.4244,42.16006],[1.43167,42.1587],[1.43485,42.15375],[1.44631,42.14774],[1.44684,42.14491],[1.45914,42.15105],[1.46939,42.15435],[1.51936,42.18363],[1.52223,42.18609],[1.52156,42.18955],[1.52792,42.19196],[1.52871,42.19937],[1.52763,42.20434],[1.53952,42.20633],[1.5441,42.2084],[1.55731,42.20975],[1.59071,42.20261],[1.59552,42.20045],[1.61384,42.20101],[1.61378,42.20332],[1.6118,42.20438],[1.61019,42.21267],[1.61729,42.22376],[1.62546,42.23249],[1.62697,42.23907],[1.63285,42.2412],[1.63336,42.24377],[1.63862,42.24741],[1.65847,42.25344],[1.68461,42.25644],[1.68544,42.26033],[1.69432,42.26399],[1.69007,42.27709],[1.68367,42.27602],[1.68014,42.27868],[1.67042,42.28147],[1.66562,42.27985],[1.66155,42.28238],[1.6533,42.28414],[1.65153,42.28643],[1.65496,42.33243],[1.6589,42.3367],[1.65003,42.34765],[1.65314,42.35027],[1.66009,42.3616],[1.65756,42.36647],[1.65286,42.36574],[1.65401,42.3715],[1.65719,42.37603],[1.65494,42.38409],[1.65001,42.39026],[1.64632,42.39229],[1.64775,42.39671],[1.64603,42.39886],[1.63707,42.40399],[1.6252,42.40621],[1.62018,42.41317],[1.60773,42.41811],[1.60109,42.42452],[1.60307,42.42964],[1.59649,42.43958],[1.59732,42.44208],[1.59633,42.44431],[1.58773,42.44813],[1.5776,42.45004],[1.56698,42.45899],[1.56164,42.45822],[1.55623,42.45413],[1.56023,42.44899],[1.55543,42.44658],[1.55294,42.44338],[1.55428,42.44006],[1.55321,42.43388],[1.55074,42.43238],[1.53955,42.43302],[1.52823,42.43203],[1.51639,42.42885],[1.51156,42.42921],[1.49871,42.43313],[1.48411,42.43287],[1.47406,42.43532],[1.45518,42.43605],[1.44439,42.44142],[1.44258,42.44471],[1.4468,42.44377],[1.44615,42.4481],[1.4418,42.45272],[1.44117,42.45545],[1.44753,42.46007],[1.44059,42.46362],[1.44103,42.47548],[1.43335,42.48187],[1.41897,42.4828],[1.42556,42.49315],[1.44334,42.49522],[1.468,42.50995],[1.4553,42.52836],[1.45247,42.53374],[1.4525,42.53863]]]]},"properties":{"OBJECTID":4,"CODICOMAR":"04","NOMCOMAR":"Alt Urgell","CAPCOMAR":"la Seu d'Urgell","CAPCOMIND":"Seu d'Urgell, la","AREAC5000":1446.6785,"SHAPE_Length":247963.25956499,"SHAPE_Area":1446760308.6520915}},{"type":"Feature","id":5,"geometry":{"type":"Polygon","coordinates":[[[0.88506,42.6271],[0.88232,42.63078],[0.87745,42.63163],[0.87627,42.631],[0.87565,42.6264],[0.86624,42.6224],[0.85653,42.62086],[0.84658,42.61485],[0.83976,42.60813],[0.83608,42.60858],[0.82631,42.60528],[0.822,42.61161],[0.81329,42.61607],[0.8127,42.61934],[0.80529,42.61913],[0.7939,42.61508],[0.78806,42.61571],[0.76757,42.61159],[0.76631,42.60437],[0.76083,42.59216],[0.7602,42.58219],[0.75779,42.57717],[0.75895,42.57321],[0.75771,42.56935],[0.74857,42.55822],[0.7494,42.55327],[0.74333,42.54828],[0.7413,42.54408],[0.74174,42.54204],[0.74537,42.53995],[0.7476,42.5359],[0.75305,42.53382],[0.73894,42.5375],[0.7354,42.54088],[0.72908,42.53621],[0.72113,42.5244],[0.7238,42.52057],[0.71993,42.51287],[0.7289,42.51257],[0.741,42.50483],[0.73808,42.50344],[0.73406,42.5042],[0.73043,42.49728],[0.72785,42.49795],[0.7134,42.48723],[0.70071,42.49544],[0.69913,42.4949],[0.70068,42.49021],[0.69769,42.48553],[0.69013,42.48651],[0.6945,42.47623],[0.70472,42.46403],[0.70643,42.46369],[0.70903,42.45887],[0.7065,42.44971],[0.70846,42.44768],[0.71084,42.44057],[0.71062,42.43573],[0.72132,42.42836],[0.72679,42.42674],[0.73461,42.41495],[0.73473,42.40787],[0.72797,42.40784],[0.72646,42.4048],[0.7377,42.39836],[0.74566,42.38448],[0.74251,42.37887],[0.73482,42.3762],[0.73535,42.37396],[0.73402,42.3716],[0.72235,42.36867],[0.723,42.36544],[0.73017,42.36244],[0.7375,42.36137],[0.7465,42.35645],[0.76033,42.35708],[0.76012,42.35869],[0.76262,42.36046],[0.76176,42.36641],[0.76646,42.36929],[0.77037,42.37473],[0.77877,42.3754],[0.78469,42.37146],[0.78903,42.37184],[0.78986,42.3739],[0.79612,42.36732],[0.79585,42.36558],[0.80883,42.35735],[0.80442,42.35378],[0.7983,42.35245],[0.7953,42.34734],[0.78563,42.34776],[0.77395,42.34593],[0.76661,42.34861],[0.76357,42.34701],[0.76786,42.34362],[0.77585,42.3409],[0.77109,42.33307],[0.79153,42.32746],[0.79985,42.32039],[0.81591,42.31474],[0.84709,42.3143],[0.85624,42.30992],[0.85713,42.30671],[0.86256,42.30553],[0.86537,42.30263],[0.87034,42.30161],[0.87387,42.29875],[0.88038,42.30122],[0.88274,42.30427],[0.88656,42.30509],[0.88674,42.31995],[0.88834,42.32221],[0.88862,42.32702],[0.89191,42.33098],[0.89169,42.33503],[0.87814,42.34147],[0.87282,42.3414],[0.87282,42.34608],[0.87002,42.34772],[0.87063,42.35117],[0.86777,42.35617],[0.86598,42.35677],[0.8656,42.35843],[0.86807,42.36084],[0.86209,42.36705],[0.84721,42.3684],[0.84236,42.37349],[0.83861,42.37359],[0.83653,42.37539],[0.83638,42.38132],[0.83309,42.37981],[0.82241,42.3915],[0.83431,42.40354],[0.8223,42.41553],[0.82754,42.41926],[0.82907,42.42471],[0.85364,42.42504],[0.86259,42.4301],[0.87038,42.44032],[0.87114,42.44601],[0.85594,42.45468],[0.86241,42.45585],[0.86605,42.46022],[0.86909,42.4611],[0.8799,42.4592],[0.88266,42.46482],[0.8859,42.46703],[0.88862,42.47526],[0.89442,42.47979],[0.92155,42.48509],[0.92427,42.49172],[0.91965,42.49737],[0.92257,42.5083],[0.92792,42.5113],[0.92927,42.5149],[0.93162,42.51633],[0.94411,42.51832],[0.94258,42.52309],[0.95116,42.52519],[0.95755,42.53025],[0.95814,42.53218],[0.9557,42.53458],[0.95462,42.53879],[0.96006,42.54106],[0.96105,42.54454],[0.96436,42.54626],[0.9661,42.54953],[0.97273,42.55175],[0.96927,42.5741],[0.95855,42.57958],[0.94284,42.581],[0.93711,42.58766],[0.93781,42.58939],[0.93472,42.59098],[0.92885,42.59073],[0.91868,42.59278],[0.91202,42.60679],[0.89814,42.60979],[0.89536,42.61224],[0.89423,42.61556],[0.89588,42.61863],[0.89553,42.6259],[0.88506,42.6271]]]},"properties":{"OBJECTID":5,"CODICOMAR":"05","NOMCOMAR":"Alta Ribagorça","CAPCOMAR":"el Pont de Suert","CAPCOMIND":"Pont de Suert, el","AREAC5000":427.2845,"SHAPE_Length":138449.11315113027,"SHAPE_Area":427187380.1865452}},{"type":"Feature","id":6,"geometry":{"type":"Polygon","coordinates":[[[1.4509,41.79788],[1.44275,41.80094],[1.42737,41.80199],[1.41658,41.79495],[1.41829,41.79251],[1.42136,41.79361],[1.4152,41.77606],[1.41061,41.77504],[1.40989,41.76786],[1.41107,41.76665],[1.40893,41.75827],[1.40288,41.74556],[1.41067,41.74113],[1.4206,41.73782],[1.42005,41.73639],[1.42472,41.73472],[1.42447,41.73267],[1.4192,41.73262],[1.41659,41.72879],[1.40026,41.71708],[1.39541,41.71591],[1.38252,41.70668],[1.38352,41.70543],[1.39743,41.70556],[1.40021,41.70432],[1.39581,41.69565],[1.40393,41.69448],[1.40422,41.68616],[1.42329,41.68405],[1.41926,41.6764],[1.4155,41.6747],[1.42412,41.66938],[1.42584,41.66177],[1.433,41.65153],[1.44435,41.64621],[1.45072,41.64635],[1.4508,41.63988],[1.44891,41.63667],[1.44367,41.63483],[1.43975,41.63566],[1.43115,41.63409],[1.43057,41.62982],[1.42418,41.6314],[1.42053,41.63445],[1.41291,41.63537],[1.3915,41.63433],[1.38743,41.63136],[1.38632,41.62612],[1.37903,41.62497],[1.36988,41.62139],[1.36959,41.61733],[1.3605,41.6136],[1.36415,41.6111],[1.36875,41.61045],[1.3697,41.61291],[1.37488,41.61181],[1.37497,41.60753],[1.39356,41.59971],[1.40733,41.60034],[1.40669,41.59334],[1.40777,41.59074],[1.40289,41.58637],[1.39569,41.58507],[1.39227,41.5788],[1.39253,41.5752],[1.39513,41.57741],[1.41021,41.57552],[1.41178,41.58028],[1.4152,41.58258],[1.41937,41.58286],[1.43358,41.57868],[1.43519,41.57657],[1.4474,41.57385],[1.45397,41.56925],[1.44001,41.56305],[1.43109,41.55557],[1.43224,41.55166],[1.43485,41.55016],[1.44672,41.55247],[1.44923,41.54548],[1.44835,41.53711],[1.43629,41.53935],[1.42569,41.5321],[1.40845,41.53518],[1.40616,41.53426],[1.40049,41.52884],[1.3975,41.51878],[1.39836,41.51417],[1.39574,41.51289],[1.40151,41.51243],[1.40354,41.50708],[1.40817,41.5046],[1.41502,41.50541],[1.41863,41.50203],[1.42144,41.50325],[1.42239,41.4997],[1.43737,41.4985],[1.44624,41.49511],[1.45027,41.49212],[1.45312,41.4871],[1.4634,41.48765],[1.46451,41.48461],[1.46681,41.48429],[1.47336,41.48605],[1.47561,41.48199],[1.47459,41.4783],[1.48297,41.47469],[1.48714,41.46841],[1.48699,41.46452],[1.48035,41.45392],[1.46869,41.4442],[1.47609,41.4355],[1.49595,41.43572],[1.50262,41.42846],[1.51055,41.43491],[1.52215,41.43834],[1.53547,41.43996],[1.53316,41.44186],[1.53647,41.44502],[1.5425,41.44201],[1.54331,41.44534],[1.54741,41.44689],[1.55136,41.44649],[1.55379,41.45104],[1.56436,41.45064],[1.57173,41.44491],[1.57216,41.44319],[1.59435,41.4513],[1.59142,41.4613],[1.58289,41.46234],[1.57061,41.4723],[1.57038,41.48035],[1.57824,41.48496],[1.58416,41.49081],[1.60216,41.49499],[1.59944,41.50018],[1.60119,41.50414],[1.6105,41.50521],[1.61006,41.50944],[1.60588,41.51303],[1.61499,41.51332],[1.62752,41.50881],[1.64111,41.50667],[1.66534,41.50672],[1.66815,41.50883],[1.68,41.50713],[1.69042,41.4881],[1.6953,41.48393],[1.69936,41.47635],[1.70267,41.4737],[1.70732,41.47268],[1.71175,41.46775],[1.75145,41.45762],[1.74888,41.45336],[1.76908,41.44559],[1.77637,41.45077],[1.77471,41.46341],[1.77749,41.46482],[1.78015,41.46347],[1.78766,41.46703],[1.79175,41.46715],[1.7937,41.46565],[1.79791,41.46661],[1.79751,41.46936],[1.79251,41.47341],[1.79297,41.47633],[1.80288,41.47309],[1.80601,41.47332],[1.80961,41.48069],[1.8239,41.48149],[1.82499,41.48532],[1.83181,41.49572],[1.84303,41.49316],[1.84241,41.49581],[1.83853,41.49993],[1.84264,41.50641],[1.85157,41.50647],[1.85434,41.5077],[1.85575,41.51121],[1.85375,41.51382],[1.85522,41.51748],[1.85352,41.51994],[1.84184,41.52373],[1.83811,41.52804],[1.83176,41.532],[1.82668,41.53905],[1.82371,41.54077],[1.82383,41.54296],[1.82013,41.54589],[1.81738,41.55437],[1.79891,41.55821],[1.79494,41.56152],[1.80602,41.57173],[1.80875,41.57947],[1.81284,41.6035],[1.8115,41.60537],[1.80618,41.60455],[1.79851,41.60864],[1.78731,41.61099],[1.78521,41.6172],[1.78897,41.62966],[1.78846,41.63423],[1.79033,41.63974],[1.78485,41.64029],[1.77864,41.64471],[1.77743,41.64772],[1.77979,41.65349],[1.77445,41.65463],[1.76693,41.65052],[1.76538,41.6459],[1.75702,41.64412],[1.74923,41.64588],[1.72838,41.64597],[1.72883,41.64436],[1.72579,41.64164],[1.72497,41.63864],[1.71897,41.6377],[1.70954,41.62909],[1.71048,41.62836],[1.70161,41.61866],[1.69131,41.6223],[1.68905,41.62024],[1.68106,41.61947],[1.66626,41.63643],[1.66366,41.64432],[1.66875,41.64929],[1.66572,41.65143],[1.66567,41.65292],[1.65841,41.65289],[1.65973,41.65666],[1.65379,41.65748],[1.65009,41.65428],[1.64213,41.6549],[1.64158,41.64388],[1.63773,41.64571],[1.63624,41.64932],[1.63045,41.65446],[1.62751,41.66232],[1.63392,41.66422],[1.63451,41.66702],[1.62345,41.67406],[1.6271,41.67901],[1.61845,41.68225],[1.6194,41.68562],[1.61849,41.68735],[1.62273,41.69177],[1.61576,41.69595],[1.60283,41.69225],[1.60095,41.6981],[1.59612,41.70085],[1.58303,41.69792],[1.57114,41.70174],[1.57033,41.70494],[1.56363,41.70827],[1.56101,41.70715],[1.551,41.70941],[1.55151,41.71132],[1.55921,41.71317],[1.56763,41.72049],[1.58039,41.72342],[1.59012,41.72284],[1.59946,41.71716],[1.60739,41.71663],[1.60863,41.71924],[1.60327,41.7233],[1.6011,41.72702],[1.60233,41.73095],[1.58738,41.73157],[1.58393,41.73392],[1.58754,41.73882],[1.58655,41.74666],[1.59583,41.75654],[1.59496,41.76456],[1.59293,41.76928],[1.58384,41.77136],[1.5801,41.77775],[1.57464,41.782],[1.57258,41.78215],[1.56947,41.77807],[1.56139,41.77723],[1.56173,41.76997],[1.54832,41.77045],[1.54475,41.75739],[1.53404,41.75715],[1.53619,41.75455],[1.5353,41.75295],[1.53072,41.75259],[1.52839,41.75974],[1.53267,41.76376],[1.52779,41.76408],[1.52172,41.76694],[1.5195,41.77082],[1.51087,41.7708],[1.51022,41.77156],[1.51258,41.77264],[1.5075,41.77608],[1.50476,41.78821],[1.49622,41.79021],[1.48817,41.78926],[1.4828,41.79107],[1.48545,41.78742],[1.48808,41.77875],[1.48739,41.77736],[1.48209,41.7756],[1.48184,41.77418],[1.4842,41.77184],[1.47687,41.77274],[1.46809,41.77095],[1.4665,41.77534],[1.46087,41.77649],[1.46916,41.77848],[1.46929,41.78179],[1.47295,41.7831],[1.47031,41.78914],[1.47192,41.79114],[1.47222,41.79986],[1.471,41.80057],[1.46368,41.79805],[1.45496,41.79887],[1.4509,41.79788]]]},"properties":{"OBJECTID":6,"CODICOMAR":"06","NOMCOMAR":"Anoia","CAPCOMAR":"Igualada","CAPCOMIND":"Igualada","AREAC5000":867.0471,"SHAPE_Length":235843.11831617306,"SHAPE_Area":867013634.2332264}},{"type":"Feature","id":7,"geometry":{"type":"Polygon","coordinates":[[[2.00146,41.96643],[1.99822,41.9704],[1.98559,41.96965],[1.99139,41.96669],[1.99632,41.96108],[1.97857,41.95379],[1.97691,41.95498],[1.97585,41.94002],[1.97438,41.93804],[1.97068,41.93691],[1.9753,41.92957],[1.98535,41.92419],[1.98331,41.922],[1.98369,41.91886],[1.97029,41.9199],[1.95487,41.96624],[1.95135,41.96721],[1.94906,41.96524],[1.93692,41.96546],[1.92701,41.95991],[1.9223,41.95442],[1.90898,41.94937],[1.90001,41.94283],[1.89822,41.94458],[1.89582,41.94311],[1.89402,41.94142],[1.8979,41.94036],[1.89752,41.93846],[1.88532,41.93753],[1.88264,41.92387],[1.88618,41.92069],[1.88592,41.91648],[1.88355,41.91314],[1.88661,41.90816],[1.88603,41.90614],[1.88001,41.90642],[1.87772,41.90857],[1.87106,41.91047],[1.86387,41.91654],[1.84827,41.91623],[1.8485,41.91163],[1.84577,41.90755],[1.84991,41.90084],[1.84538,41.89809],[1.84108,41.89971],[1.8397,41.90252],[1.84326,41.90495],[1.84238,41.90803],[1.83944,41.90975],[1.83293,41.9104],[1.83208,41.9138],[1.82762,41.916],[1.82474,41.91982],[1.80973,41.92582],[1.80031,41.91929],[1.78758,41.9195],[1.77446,41.91339],[1.76681,41.91146],[1.76487,41.91459],[1.76523,41.9169],[1.76262,41.91757],[1.76011,41.91562],[1.75494,41.92212],[1.75122,41.91686],[1.73447,41.91673],[1.73046,41.9184],[1.7334,41.92488],[1.71968,41.9315],[1.71952,41.93735],[1.71616,41.94322],[1.70251,41.93931],[1.68813,41.93894],[1.6857,41.93738],[1.67785,41.94272],[1.67881,41.94384],[1.67801,41.94739],[1.67398,41.94871],[1.67317,41.95131],[1.67039,41.9533],[1.66905,41.95797],[1.66353,41.96218],[1.6489,41.9565],[1.64693,41.95263],[1.65009,41.9449],[1.64457,41.94385],[1.64241,41.94053],[1.65269,41.92867],[1.65129,41.92694],[1.64254,41.92891],[1.63724,41.92642],[1.63171,41.92023],[1.61838,41.91174],[1.61553,41.90587],[1.6047,41.90137],[1.59973,41.90341],[1.59498,41.89656],[1.58595,41.88828],[1.58304,41.8882],[1.58412,41.89026],[1.58264,41.8928],[1.57603,41.89102],[1.56854,41.8798],[1.58314,41.87347],[1.60047,41.88366],[1.60637,41.88363],[1.61082,41.88049],[1.61757,41.88115],[1.62098,41.87266],[1.62563,41.86898],[1.62796,41.86035],[1.63048,41.85839],[1.62671,41.84827],[1.63178,41.84357],[1.62278,41.84048],[1.61907,41.84135],[1.6097,41.83598],[1.61515,41.83021],[1.61172,41.81796],[1.60544,41.81481],[1.59294,41.8119],[1.58822,41.80453],[1.59228,41.80187],[1.59453,41.79656],[1.59724,41.79633],[1.59773,41.79413],[1.59592,41.79316],[1.59982,41.7888],[1.59222,41.78064],[1.59335,41.77784],[1.58129,41.77542],[1.58384,41.77136],[1.59293,41.76928],[1.5958,41.75905],[1.59583,41.75654],[1.5932,41.75286],[1.58655,41.74666],[1.58754,41.73882],[1.58393,41.73392],[1.58738,41.73157],[1.60233,41.73095],[1.6011,41.72702],[1.60327,41.7233],[1.60863,41.71924],[1.60715,41.71653],[1.59974,41.71712],[1.59012,41.72284],[1.58039,41.72342],[1.56763,41.72049],[1.55921,41.71317],[1.55151,41.71132],[1.551,41.70941],[1.56101,41.70715],[1.56363,41.70827],[1.57033,41.70494],[1.57114,41.70174],[1.58303,41.69792],[1.59612,41.70085],[1.60095,41.6981],[1.60283,41.69225],[1.61576,41.69595],[1.62273,41.69177],[1.61849,41.68735],[1.6194,41.68562],[1.61845,41.68225],[1.6271,41.67901],[1.62345,41.67406],[1.63451,41.66702],[1.63392,41.66422],[1.62751,41.66232],[1.63045,41.65446],[1.63624,41.64932],[1.63773,41.64571],[1.64158,41.64388],[1.64213,41.6549],[1.65009,41.65428],[1.65379,41.65748],[1.65973,41.65666],[1.65841,41.65289],[1.66567,41.65292],[1.66572,41.65143],[1.66875,41.64929],[1.66366,41.64432],[1.66626,41.63643],[1.68106,41.61947],[1.68905,41.62024],[1.69131,41.6223],[1.70161,41.61866],[1.71048,41.62836],[1.70954,41.62909],[1.71897,41.6377],[1.72497,41.63864],[1.72579,41.64164],[1.72883,41.64436],[1.72838,41.64597],[1.74923,41.64588],[1.75702,41.64412],[1.76538,41.6459],[1.76693,41.65052],[1.77445,41.65463],[1.77979,41.65349],[1.77743,41.64772],[1.77864,41.64471],[1.78485,41.64029],[1.79033,41.63974],[1.78846,41.63423],[1.78897,41.62966],[1.78521,41.6172],[1.78731,41.61099],[1.79851,41.60864],[1.80618,41.60455],[1.8115,41.60537],[1.81281,41.60207],[1.82088,41.59906],[1.8248,41.59399],[1.83053,41.59136],[1.83827,41.59259],[1.85081,41.59066],[1.86331,41.59228],[1.86385,41.59895],[1.86158,41.60346],[1.86079,41.60963],[1.86317,41.61688],[1.86502,41.61834],[1.87302,41.61273],[1.88693,41.61436],[1.89281,41.61699],[1.89383,41.61981],[1.89097,41.62951],[1.89176,41.63616],[1.88996,41.64062],[1.89022,41.64589],[1.88911,41.64833],[1.8865,41.64946],[1.89402,41.65604],[1.90118,41.65719],[1.90659,41.66424],[1.91994,41.66579],[1.92755,41.65855],[1.9303,41.658],[1.93389,41.66322],[1.93688,41.66119],[1.93686,41.65926],[1.94204,41.65632],[1.94015,41.6523],[1.94213,41.64887],[1.94719,41.64898],[1.94979,41.64623],[1.95709,41.64652],[1.96112,41.64419],[1.97145,41.64883],[1.98293,41.64817],[1.99017,41.65442],[1.99545,41.6554],[2.00284,41.65431],[2.00884,41.65618],[2.01043,41.6584],[2.01077,41.66668],[2.00468,41.67597],[2.01281,41.6807],[2.00958,41.68669],[2.00913,41.69127],[2.01736,41.69448],[2.02218,41.69864],[2.02057,41.70546],[2.02227,41.70825],[2.01692,41.7157],[2.01451,41.72745],[2.01029,41.73005],[2.00389,41.72891],[2.0043,41.733],[2.00146,41.73962],[2.00203,41.74368],[1.99685,41.74425],[1.98924,41.74989],[1.9792,41.75323],[1.96732,41.75184],[1.95246,41.74677],[1.9337,41.74413],[1.92821,41.74509],[1.92331,41.74987],[1.91938,41.75894],[1.91627,41.75693],[1.91558,41.76008],[1.91778,41.76238],[1.91631,41.76811],[1.91753,41.77],[1.91322,41.77012],[1.91394,41.77288],[1.91121,41.77463],[1.90386,41.77418],[1.92565,41.7778],[1.93445,41.78066],[1.95424,41.78198],[1.96442,41.7874],[1.96961,41.78806],[1.97961,41.79264],[2.02016,41.80216],[2.02747,41.80174],[2.03806,41.80588],[2.03325,41.81331],[2.02652,41.81833],[2.02642,41.82061],[2.02237,41.82071],[2.02048,41.82336],[2.01588,41.82417],[2.01174,41.8224],[2.00388,41.83025],[2.00333,41.83283],[1.99646,41.83511],[1.97715,41.83714],[1.97787,41.83955],[1.97508,41.8407],[1.97582,41.84719],[1.9839,41.85499],[1.99296,41.85752],[2.00412,41.8672],[2.01586,41.87333],[2.01132,41.8789],[2.00144,41.88285],[2.00537,41.88495],[2.00675,41.88389],[2.01414,41.88412],[2.01278,41.88835],[2.01459,41.90012],[2.0103,41.90646],[2.01254,41.91208],[2.02212,41.91101],[2.02678,41.90859],[2.02846,41.90534],[2.03359,41.90206],[2.04048,41.90272],[2.04493,41.89951],[2.04402,41.9031],[2.04796,41.90745],[2.04695,41.90896],[2.04485,41.90697],[2.04274,41.90699],[2.04088,41.90934],[2.03572,41.91132],[2.03408,41.91945],[2.0307,41.92516],[2.02977,41.93273],[2.02423,41.93934],[2.02388,41.9408],[2.02836,41.94355],[2.0289,41.94882],[2.02712,41.95036],[2.03223,41.9586],[2.03087,41.96153],[2.01809,41.96615],[2.00455,41.96508],[2.00146,41.96643]],[[2.01458,41.93566],[2.01097,41.93873],[2.0187,41.94452],[2.01915,41.93969],[2.02232,41.93795],[2.01458,41.93566]],[[1.71029,41.89729],[1.71285,41.89536],[1.71424,41.89199],[1.7192,41.89331],[1.71973,41.89529],[1.72497,41.89279],[1.71917,41.88266],[1.71673,41.88507],[1.70646,41.88846],[1.70625,41.88941],[1.71159,41.88954],[1.71125,41.89192],[1.70791,41.89499],[1.70823,41.89681],[1.71029,41.89729]]]},"properties":{"OBJECTID":7,"CODICOMAR":"07","NOMCOMAR":"Bages","CAPCOMAR":"Manresa","CAPCOMIND":"Manresa","AREAC5000":1092.7982,"SHAPE_Length":260531.61845133532,"SHAPE_Area":1092895096.8644633}},{"type":"Feature","id":8,"geometry":{"type":"MultiPolygon","coordinates":[[[[1.03644,41.05759],[1.03699,41.05785],[1.03623,41.05769],[1.03644,41.05759]]],[[[1.04141,41.05964],[1.042,41.05972],[1.04202,41.05981],[1.04141,41.05964]]],[[[1.11304,41.07034],[1.11419,41.07071],[1.11285,41.07039],[1.11304,41.07034]]],[[[1.00534,41.32563],[1.00263,41.32693],[1.0019,41.32974],[1.00417,41.33565],[1.00488,41.34605],[1.00052,41.34843],[0.99883,41.3523],[0.99426,41.35261],[0.99012,41.34768],[0.9853,41.34544],[0.98218,41.34079],[0.98247,41.33799],[0.97651,41.32901],[0.96383,41.32619],[0.95716,41.31903],[0.95261,41.31686],[0.93547,41.32045],[0.94375,41.30477],[0.93948,41.29658],[0.94491,41.28975],[0.96028,41.29947],[0.9731,41.29454],[0.97374,41.29261],[0.97145,41.29042],[0.96916,41.27551],[0.97136,41.27142],[0.97137,41.26827],[0.97609,41.26441],[0.97512,41.25981],[0.97096,41.26284],[0.96773,41.25935],[0.95682,41.25454],[0.94279,41.24472],[0.93458,41.24243],[0.92449,41.24261],[0.91088,41.23866],[0.90971,41.23779],[0.91059,41.23272],[0.91251,41.23028],[0.91341,41.22542],[0.92107,41.2133],[0.92259,41.20291],[0.91826,41.20053],[0.91579,41.19717],[0.90661,41.19444],[0.87961,41.19353],[0.87726,41.18808],[0.8794,41.18288],[0.88533,41.18249],[0.89062,41.18036],[0.90381,41.18049],[0.90678,41.17899],[0.90165,41.17455],[0.90188,41.17037],[0.9057,41.16701],[0.90597,41.16484],[0.88889,41.13638],[0.88985,41.13253],[0.88497,41.11747],[0.8814,41.11381],[0.87771,41.1107],[0.87224,41.11206],[0.8533,41.1103],[0.85131,41.11287],[0.83813,41.11795],[0.83234,41.12227],[0.8266,41.11972],[0.8299,41.11696],[0.83053,41.11435],[0.83386,41.11547],[0.83655,41.11383],[0.83879,41.10595],[0.84661,41.09655],[0.85033,41.09437],[0.8614,41.09343],[0.87318,41.08383],[0.87062,41.07869],[0.87245,41.07627],[0.87128,41.07413],[0.86768,41.07311],[0.8679,41.07606],[0.86622,41.07873],[0.86896,41.08172],[0.8693,41.0847],[0.86513,41.08452],[0.8636,41.08663],[0.85968,41.08504],[0.85748,41.08139],[0.85198,41.07727],[0.85622,41.07365],[0.85428,41.07114],[0.85724,41.06578],[0.85748,41.06164],[0.85343,41.05898],[0.8525,41.05644],[0.83546,41.05263],[0.82509,41.05708],[0.81823,41.06207],[0.81511,41.0621],[0.81077,41.05701],[0.80596,41.05472],[0.79818,41.04156],[0.78053,41.02915],[0.78596,41.02506],[0.78226,41.02237],[0.7843,41.01701],[0.78223,41.01113],[0.77839,41.00601],[0.77839,41.00021],[0.77467,40.99715],[0.77585,40.99081],[0.77986,40.99228],[0.78175,40.99157],[0.78622,40.98191],[0.79266,40.97262],[0.79868,40.96859],[0.79808,40.96643],[0.80343,40.95298],[0.81015,40.94747],[0.82079,40.94231],[0.81882,40.94073],[0.82556,40.94127],[0.83453,40.93788],[0.84238,40.93816],[0.85731,40.93532],[0.85882,40.94193],[0.86199,40.94686],[0.87531,40.95196],[0.8798,40.95625],[0.88071,40.95982],[0.88579,40.96189],[0.88862,40.96549],[0.89126,40.96629],[0.89824,40.97526],[0.90421,40.97738],[0.91541,40.9875],[0.92143,40.98893],[0.92378,40.98747],[0.92236,40.98636],[0.92441,40.98719],[0.9249,40.98869],[0.92794,40.98806],[0.92727,40.98927],[0.92933,40.99008],[0.93041,40.9885],[0.92721,40.98712],[0.93088,40.98836],[0.93017,40.98988],[0.9327,40.99201],[0.94074,41.00639],[0.96123,41.02449],[0.98605,41.0406],[0.99194,41.04282],[1.0038,41.04335],[1.01549,41.05096],[1.02471,41.05238],[1.02621,41.05428],[1.02778,41.05395],[1.02992,41.05479],[1.02814,41.05419],[1.02973,41.05631],[1.03313,41.05613],[1.03674,41.0587],[1.03902,41.05789],[1.04082,41.05874],[1.03971,41.05872],[1.04006,41.06014],[1.0422,41.06122],[1.04312,41.06023],[1.04473,41.06079],[1.04365,41.06147],[1.04626,41.06306],[1.04749,41.06239],[1.05197,41.06432],[1.06195,41.06253],[1.05882,41.06448],[1.06469,41.06532],[1.06509,41.06381],[1.06345,41.06386],[1.06381,41.06248],[1.06058,41.05999],[1.06358,41.06183],[1.0653,41.06364],[1.0656,41.06486],[1.0715,41.06613],[1.08324,41.06375],[1.0835,41.06249],[1.08339,41.06363],[1.09482,41.06753],[1.11781,41.07365],[1.10286,41.08367],[1.09409,41.09221],[1.09497,41.09665],[1.09388,41.10855],[1.10128,41.11369],[1.10345,41.11376],[1.11288,41.10697],[1.11103,41.10621],[1.11209,41.10531],[1.12407,41.10218],[1.12672,41.103],[1.12796,41.10782],[1.12567,41.11366],[1.12676,41.11374],[1.12612,41.11759],[1.12365,41.12183],[1.12082,41.12278],[1.1193,41.12184],[1.12129,41.12804],[1.12012,41.13034],[1.13042,41.13065],[1.14819,41.12229],[1.15231,41.12263],[1.1649,41.10871],[1.17662,41.10844],[1.17642,41.11051],[1.1678,41.11685],[1.17427,41.11967],[1.17156,41.12938],[1.16889,41.1313],[1.16698,41.12905],[1.16221,41.13308],[1.16506,41.13838],[1.17842,41.1381],[1.17791,41.136],[1.17157,41.13387],[1.17677,41.13032],[1.18903,41.12825],[1.19115,41.13138],[1.1812,41.13658],[1.17722,41.1441],[1.16929,41.14912],[1.16073,41.15008],[1.14379,41.17047],[1.14956,41.17234],[1.15441,41.17914],[1.16281,41.18273],[1.16864,41.18816],[1.17485,41.19698],[1.18355,41.21385],[1.17743,41.21422],[1.17944,41.22157],[1.15974,41.2285],[1.15345,41.23208],[1.16048,41.23848],[1.14355,41.24722],[1.14145,41.25168],[1.14186,41.25673],[1.14068,41.25834],[1.1277,41.25938],[1.12461,41.25802],[1.11899,41.26067],[1.10404,41.257],[1.10268,41.25737],[1.09951,41.26605],[1.09349,41.26592],[1.08878,41.26374],[1.0531,41.26808],[1.05814,41.27335],[1.05741,41.29412],[1.06622,41.30474],[1.05386,41.3063],[1.04287,41.31832],[1.06411,41.32629],[1.0604,41.32524],[1.0555,41.3264],[1.04125,41.32543],[1.03704,41.32653],[1.03449,41.32964],[1.02728,41.32606],[1.02454,41.32867],[1.02161,41.32863],[1.0189,41.33074],[1.02051,41.33191],[1.01957,41.33298],[1.01462,41.32939],[1.00534,41.32563]]]]},"properties":{"OBJECTID":8,"CODICOMAR":"08","NOMCOMAR":"Baix Camp","CAPCOMAR":"Reus","CAPCOMIND":"Reus","AREAC5000":696.4467,"SHAPE_Length":201017.51134927827,"SHAPE_Area":696560402.6652973}},{"type":"Feature","id":9,"geometry":{"type":"MultiPolygon","coordinates":[[[[0.77067,40.76309],[0.77111,40.76331],[0.7705,40.7633],[0.77067,40.76309]]],[[[0.75811,40.76298],[0.75825,40.76311],[0.75797,40.76376],[0.75811,40.76298]]],[[[0.75201,40.76377],[0.75035,40.76372],[0.75236,40.76343],[0.75201,40.76377]]],[[[0.76773,40.76442],[0.76793,40.76436],[0.76761,40.76477],[0.76773,40.76442]]],[[[0.72242,40.77834],[0.72281,40.77851],[0.7223,40.77856],[0.72242,40.77834]]],[[[0.73429,40.78578],[0.73488,40.78587],[0.73384,40.78612],[0.73429,40.78578]]],[[[0.73398,40.78701],[0.73455,40.78714],[0.73368,40.7875],[0.73398,40.78701]]],[[[0.7333,40.78722],[0.73134,40.7892],[0.72895,40.78784],[0.73089,40.78658],[0.73209,40.78704],[0.73109,40.78765],[0.7333,40.78722]]],[[[0.55913,41.01486],[0.55377,41.01019],[0.54757,41.00991],[0.54243,41.00744],[0.53538,41.00111],[0.52935,41.00032],[0.52295,40.997],[0.5145,40.99755],[0.51037,40.99517],[0.50652,40.99495],[0.50463,40.99294],[0.50505,40.99041],[0.49809,40.98761],[0.49626,40.98401],[0.48641,40.97717],[0.48001,40.97667],[0.46798,40.97936],[0.46713,40.97801],[0.45919,40.97718],[0.45455,40.97833],[0.44489,40.96406],[0.43331,40.96104],[0.42337,40.96059],[0.41659,40.95767],[0.40666,40.95763],[0.39963,40.95387],[0.39343,40.95518],[0.39045,40.95161],[0.39215,40.94841],[0.38743,40.94491],[0.38241,40.94338],[0.3799,40.94506],[0.37245,40.94199],[0.37068,40.94268],[0.36949,40.93839],[0.37171,40.93687],[0.36673,40.93324],[0.36626,40.93132],[0.36936,40.92534],[0.36855,40.91985],[0.36521,40.91582],[0.36576,40.91211],[0.36347,40.90814],[0.36801,40.90265],[0.36435,40.89822],[0.36895,40.89102],[0.36618,40.8856],[0.36036,40.8831],[0.36206,40.88034],[0.35669,40.87728],[0.35239,40.871],[0.33445,40.85352],[0.33292,40.84919],[0.32974,40.84662],[0.32517,40.84394],[0.31438,40.84162],[0.30552,40.83532],[0.29223,40.81588],[0.28436,40.81894],[0.27293,40.81872],[0.27094,40.8158],[0.26579,40.81339],[0.25965,40.80434],[0.25876,40.80019],[0.25059,40.79852],[0.24499,40.79198],[0.23413,40.78696],[0.23312,40.77938],[0.25019,40.78243],[0.27168,40.7803],[0.27743,40.77308],[0.27017,40.76922],[0.27067,40.76763],[0.27575,40.76639],[0.27664,40.76288],[0.27929,40.76658],[0.28655,40.76873],[0.28815,40.76647],[0.29023,40.75167],[0.29937,40.75035],[0.31171,40.74555],[0.32251,40.75174],[0.3264,40.75175],[0.33056,40.76052],[0.34311,40.7577],[0.3843,40.76282],[0.38316,40.75889],[0.38412,40.75776],[0.39405,40.75352],[0.39931,40.748],[0.41124,40.74135],[0.42114,40.73856],[0.43133,40.7382],[0.44004,40.73611],[0.45593,40.73841],[0.47454,40.73686],[0.48996,40.73903],[0.5032,40.73938],[0.50604,40.73829],[0.51708,40.74473],[0.51988,40.74299],[0.52318,40.7455],[0.53258,40.74567],[0.53359,40.74762],[0.53695,40.74813],[0.54548,40.74426],[0.55167,40.74416],[0.55138,40.74605],[0.56139,40.75177],[0.56541,40.75012],[0.56839,40.74679],[0.57455,40.72626],[0.57993,40.71574],[0.59374,40.7088],[0.61178,40.70579],[0.6181,40.70604],[0.6391,40.71366],[0.66177,40.71963],[0.67421,40.72112],[0.68283,40.71505],[0.68769,40.71336],[0.69312,40.71472],[0.70577,40.71461],[0.73736,40.7098],[0.75345,40.70976],[0.76265,40.70303],[0.77848,40.69631],[0.79339,40.69429],[0.80262,40.69694],[0.81835,40.70711],[0.82966,40.7101],[0.84196,40.71538],[0.85628,40.71865],[0.87416,40.71938],[0.87177,40.73053],[0.87154,40.72943],[0.86632,40.73026],[0.86151,40.73725],[0.85929,40.73765],[0.85838,40.73714],[0.86147,40.73665],[0.86026,40.73579],[0.85108,40.73478],[0.84527,40.73122],[0.85484,40.73467],[0.85965,40.73399],[0.84521,40.73075],[0.83551,40.73123],[0.82678,40.7349],[0.80674,40.75425],[0.8055,40.75368],[0.80602,40.7549],[0.79622,40.76332],[0.77845,40.78432],[0.76827,40.79143],[0.75733,40.79396],[0.74597,40.7938],[0.7298,40.79114],[0.72577,40.78928],[0.72525,40.78807],[0.72907,40.79027],[0.73577,40.79124],[0.73257,40.78895],[0.74133,40.78744],[0.76785,40.77869],[0.78287,40.77302],[0.7846,40.77027],[0.78285,40.7713],[0.78385,40.76961],[0.78282,40.76956],[0.78264,40.76874],[0.78406,40.76967],[0.78441,40.76941],[0.78257,40.76763],[0.78265,40.76926],[0.78237,40.76769],[0.781,40.77009],[0.78013,40.76953],[0.78126,40.76822],[0.77816,40.7673],[0.77711,40.76876],[0.77819,40.7665],[0.77604,40.76758],[0.77526,40.76586],[0.77393,40.76666],[0.7748,40.76544],[0.77209,40.76498],[0.7712,40.76348],[0.77258,40.76392],[0.76942,40.76245],[0.76833,40.76356],[0.76938,40.76249],[0.77041,40.76298],[0.76818,40.76389],[0.76474,40.76257],[0.76363,40.76346],[0.76393,40.76238],[0.76223,40.76186],[0.76165,40.76335],[0.76052,40.76242],[0.75473,40.76298],[0.75464,40.76447],[0.75448,40.76307],[0.75439,40.76402],[0.75236,40.76368],[0.75417,40.76304],[0.7503,40.76362],[0.75024,40.76434],[0.74019,40.76622],[0.73995,40.76752],[0.73909,40.76839],[0.73836,40.7674],[0.73962,40.76653],[0.73782,40.76658],[0.73859,40.76841],[0.73764,40.76744],[0.7366,40.76739],[0.73757,40.76659],[0.73551,40.76775],[0.73703,40.76678],[0.73697,40.76663],[0.72898,40.77018],[0.72198,40.77862],[0.71771,40.77985],[0.70893,40.78602],[0.69956,40.80068],[0.70043,40.80416],[0.70669,40.80998],[0.70959,40.80933],[0.70801,40.81004],[0.70964,40.80976],[0.70851,40.81016],[0.71151,40.81214],[0.71239,40.81152],[0.70972,40.80816],[0.71068,40.80747],[0.71309,40.81188],[0.71931,40.8136],[0.72471,40.81715],[0.73213,40.81855],[0.73225,40.82109],[0.73505,40.82385],[0.74134,40.82337],[0.74118,40.82499],[0.74275,40.8256],[0.74145,40.82965],[0.74483,40.83833],[0.74927,40.84091],[0.74867,40.84304],[0.75205,40.84628],[0.75755,40.8476],[0.76261,40.8465],[0.76426,40.84897],[0.76375,40.85074],[0.77015,40.85793],[0.78179,40.86042],[0.78218,40.86201],[0.78668,40.86364],[0.78832,40.86571],[0.79185,40.86643],[0.79576,40.87143],[0.79499,40.87427],[0.79709,40.87442],[0.79597,40.87614],[0.80193,40.87914],[0.80035,40.87911],[0.80314,40.88154],[0.80136,40.88129],[0.80185,40.88281],[0.80498,40.88301],[0.80261,40.87855],[0.80285,40.8774],[0.80558,40.88314],[0.80547,40.88444],[0.80812,40.88608],[0.80701,40.88698],[0.81436,40.89199],[0.81688,40.89196],[0.81602,40.89341],[0.81784,40.89329],[0.82006,40.89752],[0.82505,40.90143],[0.82418,40.90262],[0.82685,40.90338],[0.82676,40.90834],[0.83384,40.91173],[0.83252,40.91293],[0.83542,40.91486],[0.83421,40.91517],[0.83361,40.916],[0.83633,40.91506],[0.83572,40.91349],[0.83676,40.91481],[0.837,40.9189],[0.84136,40.92077],[0.84143,40.92213],[0.8432,40.92139],[0.84828,40.92579],[0.84764,40.92672],[0.85014,40.927],[0.84955,40.92787],[0.8515,40.92963],[0.85076,40.92621],[0.85272,40.92996],[0.85199,40.93137],[0.85731,40.93532],[0.84238,40.93816],[0.83453,40.93788],[0.82556,40.94127],[0.80266,40.93867],[0.78947,40.93875],[0.76123,40.93321],[0.75022,40.93239],[0.73951,40.939],[0.69863,40.94417],[0.69116,40.94348],[0.68278,40.94062],[0.67925,40.94485],[0.6714,40.94567],[0.66663,40.94365],[0.66286,40.94488],[0.65505,40.94356],[0.64897,40.93997],[0.61581,40.93236],[0.61143,40.93029],[0.60095,40.9353],[0.59954,40.94037],[0.58719,40.94076],[0.58877,40.94646],[0.59295,40.95056],[0.58849,40.95615],[0.58307,40.95794],[0.58281,40.96186],[0.58409,40.96303],[0.57918,40.96741],[0.58366,40.97549],[0.57485,40.97688],[0.57345,40.98014],[0.56506,40.98472],[0.56615,40.98551],[0.56551,40.98936],[0.57279,40.99169],[0.57628,40.99567],[0.56895,40.99853],[0.57346,41.00036],[0.56357,41.00712],[0.55913,41.01486]]]]},"properties":{"OBJECTID":9,"CODICOMAR":"09","NOMCOMAR":"Baix Ebre","CAPCOMAR":"Tortosa","CAPCOMIND":"Tortosa","AREAC5000":1001.9328,"SHAPE_Length":234441.508624485,"SHAPE_Area":1001914882.9771237}},{"type":"Feature","id":10,"geometry":{"type":"MultiPolygon","coordinates":[[[[2.98147,41.75736],[2.98199,41.75738],[2.98199,41.75755],[2.98147,41.75736]]],[[[2.98089,41.75775],[2.98093,41.75811],[2.98071,41.75784],[2.98089,41.75775]]],[[[3.03204,41.77176],[3.03257,41.77219],[3.03246,41.77255],[3.03204,41.77176]]],[[[3.04673,41.78333],[3.04723,41.78327],[3.04727,41.78335],[3.04673,41.78333]]],[[[3.05664,41.78677],[3.05691,41.7869],[3.05635,41.78697],[3.05664,41.78677]]],[[[3.05591,41.78733],[3.05624,41.78697],[3.05678,41.78722],[3.05591,41.78733]]],[[[3.05927,41.79196],[3.0595,41.79175],[3.05968,41.79201],[3.05927,41.79196]]],[[[3.05875,41.80398],[3.05877,41.80431],[3.05747,41.80454],[3.05875,41.80398]]],[[[3.08076,41.82404],[3.08147,41.824],[3.08089,41.8242],[3.08076,41.82404]]],[[[3.18718,41.86263],[3.18739,41.86296],[3.18705,41.8628],[3.18718,41.86263]]],[[[3.17883,41.86753],[3.17939,41.86729],[3.1794,41.86731],[3.17883,41.86753]]],[[[3.17848,41.86779],[3.17911,41.86771],[3.17902,41.86826],[3.17848,41.86779]]],[[[3.17796,41.87083],[3.17839,41.87085],[3.17837,41.87107],[3.17796,41.87083]]],[[[3.21876,41.9213],[3.22003,41.92223],[3.21786,41.92211],[3.21876,41.9213]]],[[[3.21727,41.92415],[3.2177,41.92408],[3.21818,41.92427],[3.21727,41.92415]]],[[[3.21696,41.92457],[3.2173,41.92464],[3.2183,41.92489],[3.21767,41.92496],[3.21696,41.92457]]],[[[3.21788,41.93769],[3.21824,41.93818],[3.21766,41.93785],[3.21788,41.93769]]],[[[3.22795,42.04166],[3.22877,42.04183],[3.22799,42.04194],[3.22795,42.04166]]],[[[3.22693,42.04191],[3.22768,42.04207],[3.22727,42.04231],[3.22693,42.04191]]],[[[3.22725,42.04414],[3.22426,42.0444],[3.22386,42.0436],[3.22522,42.04259],[3.22725,42.04414]]],[[[3.22663,42.0476],[3.22423,42.04993],[3.219,42.04807],[3.22301,42.04479],[3.22663,42.0476]]],[[[3.21026,42.06276],[3.21066,42.06286],[3.2101,42.06289],[3.21026,42.06276]]],[[[3.2049,42.07366],[3.20568,42.07415],[3.20482,42.07439],[3.2049,42.07366]]],[[[3.19805,42.08446],[3.1973,42.08487],[3.19751,42.08432],[3.19805,42.08446]]],[[[3.18447,42.1015],[3.18457,42.10192],[3.18416,42.10189],[3.18447,42.1015]]],[[[3.01856,42.12683],[3.01414,42.1334],[3.0084,42.13536],[3.00422,42.14047],[3.00204,42.14009],[2.99941,42.13489],[2.99554,42.1343],[2.99876,42.1302],[2.99557,42.12953],[2.99504,42.12331],[2.98151,42.1188],[2.97524,42.1151],[2.96269,42.11448],[2.96022,42.1128],[2.95427,42.11213],[2.95287,42.10777],[2.95191,42.09776],[2.9572,42.09691],[2.95944,42.09203],[2.96478,42.08993],[2.9691,42.08334],[2.97119,42.0746],[2.97289,42.07303],[2.9781,42.07299],[2.97765,42.06653],[2.97268,42.06098],[2.98163,42.04524],[2.97938,42.03597],[2.96558,42.03496],[2.96171,42.03844],[2.95913,42.03804],[2.95641,42.03218],[2.95298,42.03308],[2.95173,42.00573],[2.95766,41.99962],[2.95969,42.00047],[2.9675,41.99867],[2.97299,42.00096],[2.97842,42.00017],[2.98716,41.98917],[2.98174,41.98371],[2.97555,41.98275],[2.97561,41.97805],[2.96819,41.97515],[2.94967,41.97297],[2.94507,41.96608],[2.94779,41.96199],[2.94594,41.95524],[2.94907,41.94794],[2.94484,41.9473],[2.94565,41.93933],[2.93512,41.93973],[2.92851,41.93769],[2.92413,41.93787],[2.92166,41.93702],[2.9189,41.93199],[2.91384,41.92995],[2.91165,41.93135],[2.91199,41.93439],[2.89788,41.9329],[2.89759,41.93089],[2.9022,41.92233],[2.90228,41.91897],[2.88545,41.90942],[2.8956,41.90142],[2.90599,41.90251],[2.93631,41.89794],[2.94642,41.88708],[2.95647,41.88473],[2.95329,41.88191],[2.95107,41.8769],[2.94487,41.87167],[2.94496,41.8685],[2.9419,41.86623],[2.94876,41.86344],[2.96194,41.85138],[2.96206,41.84679],[2.96629,41.84373],[2.96658,41.83913],[2.96892,41.8367],[2.97083,41.82825],[2.96971,41.82652],[2.96591,41.82574],[2.96221,41.82689],[2.94448,41.8263],[2.93334,41.82783],[2.93019,41.82475],[2.94348,41.7895],[2.95577,41.78652],[2.96009,41.77414],[2.95269,41.77086],[2.95013,41.76808],[2.95629,41.76342],[2.96102,41.75729],[2.96625,41.75412],[2.97115,41.75308],[2.97521,41.75398],[2.97614,41.75676],[2.98076,41.75813],[2.981,41.75961],[2.98247,41.75888],[2.98444,41.76076],[2.99345,41.76147],[2.99495,41.76302],[2.99842,41.76332],[2.99732,41.76469],[3.00022,41.76586],[3.00279,41.76516],[3.00163,41.76684],[3.01081,41.77209],[3.02604,41.77396],[3.02812,41.77137],[3.03163,41.77149],[3.03223,41.77252],[3.02927,41.77774],[3.03023,41.77978],[3.03443,41.78031],[3.03575,41.77921],[3.03598,41.78045],[3.03619,41.77909],[3.03646,41.77909],[3.03756,41.7801],[3.03797,41.77833],[3.0345,41.77732],[3.034,41.77828],[3.03319,41.77672],[3.04371,41.77856],[3.0447,41.78084],[3.04376,41.78159],[3.04863,41.78272],[3.04652,41.78304],[3.04727,41.78462],[3.04498,41.78623],[3.04561,41.78843],[3.05306,41.79078],[3.05569,41.78711],[3.06149,41.79513],[3.06113,41.79815],[3.06538,41.80092],[3.06313,41.80055],[3.06085,41.80365],[3.05856,41.80346],[3.05522,41.80501],[3.06267,41.80448],[3.06279,41.80173],[3.06664,41.80072],[3.06496,41.8036],[3.07151,41.8192],[3.07444,41.82205],[3.08422,41.82601],[3.08785,41.83166],[3.09302,41.83228],[3.09353,41.83752],[3.09979,41.84318],[3.10246,41.84369],[3.1024,41.84506],[3.10372,41.84448],[3.10494,41.84624],[3.10645,41.84557],[3.10784,41.84719],[3.11395,41.84855],[3.12218,41.84816],[3.12771,41.84553],[3.12371,41.84486],[3.12407,41.84352],[3.12514,41.84497],[3.12562,41.84329],[3.12619,41.84476],[3.12821,41.84296],[3.12005,41.84162],[3.12849,41.84237],[3.12916,41.84115],[3.13583,41.84519],[3.13336,41.84466],[3.13239,41.84628],[3.13687,41.84764],[3.13579,41.84407],[3.13761,41.8457],[3.1378,41.84888],[3.14488,41.84967],[3.14532,41.85354],[3.14237,41.85566],[3.14287,41.8569],[3.14571,41.85873],[3.1501,41.85861],[3.15159,41.86198],[3.15771,41.86224],[3.15903,41.85965],[3.15903,41.86095],[3.16521,41.86186],[3.16579,41.86379],[3.16994,41.86284],[3.17332,41.86575],[3.17673,41.86632],[3.1763,41.86744],[3.17806,41.86807],[3.17748,41.87225],[3.17945,41.87414],[3.17842,41.87496],[3.1817,41.87626],[3.17818,41.87865],[3.18319,41.88174],[3.18177,41.88436],[3.18247,41.88709],[3.18416,41.88822],[3.19039,41.88812],[3.19366,41.89055],[3.19271,41.89194],[3.19428,41.89357],[3.20272,41.89156],[3.20535,41.90028],[3.20796,41.90036],[3.20954,41.90204],[3.21005,41.90491],[3.20682,41.90803],[3.21201,41.90916],[3.20776,41.91302],[3.20941,41.91465],[3.20729,41.91704],[3.21633,41.91828],[3.21551,41.92133],[3.21873,41.92258],[3.21618,41.92416],[3.21932,41.92662],[3.21791,41.92868],[3.21498,41.92909],[3.21994,41.93234],[3.21795,41.93332],[3.22053,41.93484],[3.21858,41.93567],[3.21667,41.93398],[3.21419,41.93632],[3.21645,41.9387],[3.21735,41.93772],[3.21782,41.94242],[3.22595,41.94554],[3.22814,41.94849],[3.23347,41.95037],[3.22938,41.955],[3.23365,41.95857],[3.23356,41.962],[3.23181,41.95947],[3.22974,41.9605],[3.23049,41.96257],[3.22694,41.96427],[3.2318,41.96591],[3.23022,41.96799],[3.23125,41.96905],[3.22711,41.97015],[3.22211,41.97429],[3.21045,41.97362],[3.21104,41.97716],[3.20266,41.98904],[3.19895,41.99832],[3.19492,42.01634],[3.19439,42.02576],[3.19709,42.04495],[3.20039,42.05099],[3.20202,42.05197],[3.20385,42.05076],[3.20557,42.05157],[3.20404,42.05094],[3.2007,42.05333],[3.20309,42.05289],[3.20414,42.05451],[3.20652,42.05365],[3.20363,42.05248],[3.20425,42.05217],[3.20754,42.05356],[3.20836,42.05234],[3.20576,42.05057],[3.2068,42.05067],[3.21212,42.05415],[3.21102,42.05517],[3.21366,42.05952],[3.21237,42.05962],[3.2145,42.06113],[3.20975,42.06155],[3.2097,42.06301],[3.21066,42.06334],[3.20901,42.06571],[3.21085,42.06757],[3.21197,42.06686],[3.21207,42.06868],[3.20815,42.06958],[3.20697,42.07217],[3.20253,42.07351],[3.20422,42.0746],[3.19858,42.07772],[3.19845,42.08],[3.20238,42.08127],[3.20203,42.08215],[3.20097,42.0828],[3.1997,42.08133],[3.19841,42.08354],[3.19518,42.08337],[3.19607,42.08456],[3.19439,42.08466],[3.19535,42.08599],[3.19205,42.08954],[3.19268,42.09099],[3.19143,42.09043],[3.19024,42.09439],[3.18787,42.09543],[3.18788,42.09802],[3.18437,42.09924],[3.1837,42.10323],[3.18168,42.10374],[3.18171,42.10527],[3.17956,42.1028],[3.17738,42.10366],[3.1746,42.10251],[3.16937,42.10554],[3.17007,42.10838],[3.16151,42.1089],[3.15366,42.10439],[3.13207,42.0983],[3.12981,42.10803],[3.12805,42.10843],[3.10838,42.10295],[3.10597,42.11219],[3.10763,42.11679],[3.09699,42.11925],[3.09477,42.12665],[3.08864,42.12134],[3.08324,42.11939],[3.07463,42.11751],[3.07449,42.1189],[3.06664,42.11856],[3.0593,42.11463],[3.04993,42.11248],[3.05015,42.10969],[3.04585,42.11023],[3.04179,42.11675],[3.03317,42.12391],[3.02137,42.12753],[3.01856,42.12683]]]]},"properties":{"OBJECTID":10,"CODICOMAR":"10","NOMCOMAR":"Baix Empordà","CAPCOMAR":"la Bisbal d'Empordà","CAPCOMIND":"Bisbal d'Empordà, la","AREAC5000":701.1859,"SHAPE_Length":196241.5257605203,"SHAPE_Area":701106903.0392108}},{"type":"Feature","id":11,"geometry":{"type":"Polygon","coordinates":[[[1.81281,41.60207],[1.81284,41.6035],[1.80875,41.57947],[1.80602,41.57173],[1.79494,41.56152],[1.79891,41.55821],[1.81738,41.55437],[1.82013,41.54589],[1.82383,41.54296],[1.82371,41.54077],[1.82668,41.53905],[1.83176,41.532],[1.83811,41.52804],[1.84184,41.52373],[1.85352,41.51994],[1.85522,41.51748],[1.85375,41.51382],[1.85575,41.51121],[1.85434,41.5077],[1.85157,41.50647],[1.84338,41.50689],[1.84103,41.50468],[1.83888,41.49895],[1.84556,41.49071],[1.87145,41.47713],[1.87281,41.47342],[1.87277,41.4602],[1.89463,41.4373],[1.89687,41.43344],[1.89488,41.43007],[1.89131,41.43002],[1.88751,41.42301],[1.88918,41.4219],[1.88875,41.41892],[1.88229,41.41423],[1.88119,41.41159],[1.88495,41.40814],[1.87762,41.40417],[1.87483,41.395],[1.87667,41.38961],[1.86934,41.38728],[1.87089,41.38041],[1.88153,41.37337],[1.88724,41.372],[1.89024,41.3684],[1.88891,41.36569],[1.89007,41.36279],[1.89698,41.36014],[1.89655,41.3568],[1.89838,41.35481],[1.89594,41.3515],[1.88296,41.34449],[1.87047,41.34308],[1.871,41.33818],[1.86181,41.33424],[1.85187,41.31947],[1.84785,41.31932],[1.8497,41.31864],[1.85019,41.31646],[1.84673,41.30635],[1.85518,41.29859],[1.85939,41.2986],[1.86357,41.29594],[1.86939,41.29625],[1.87267,41.29345],[1.87101,41.29116],[1.86907,41.28129],[1.87088,41.28063],[1.87143,41.27864],[1.8727,41.27965],[1.88239,41.27819],[1.88983,41.28344],[1.9022,41.28085],[1.90965,41.28346],[1.91375,41.28875],[1.92348,41.29113],[1.93187,41.28506],[1.94374,41.27922],[1.93738,41.27499],[1.93928,41.2692],[1.94327,41.26625],[1.9445,41.26349],[1.99422,41.26409],[2.02379,41.26613],[2.07457,41.2764],[2.11112,41.28904],[2.12962,41.2974],[2.13608,41.29763],[2.13791,41.29311],[2.1365,41.29755],[2.13706,41.3006],[2.14424,41.29568],[2.1517,41.29547],[2.15512,41.29753],[2.16668,41.30892],[2.16752,41.3119],[2.16542,41.31784],[2.16682,41.30977],[2.15524,41.29799],[2.15262,41.29623],[2.15124,41.29772],[2.14441,41.29801],[2.14289,41.29947],[2.14509,41.30284],[2.14235,41.30422],[2.144,41.30424],[2.15495,41.31523],[2.15291,41.31632],[2.15646,41.31994],[2.15656,41.32028],[2.15636,41.32061],[2.15386,41.32199],[2.15212,41.32169],[2.15225,41.32297],[2.14986,41.32068],[2.13071,41.32077],[2.1189,41.32273],[2.1123,41.32612],[2.10479,41.33393],[2.08952,41.3413],[2.0923,41.34807],[2.09988,41.35192],[2.09552,41.35844],[2.08705,41.36453],[2.08678,41.36678],[2.08786,41.36903],[2.09129,41.36911],[2.09398,41.36712],[2.09928,41.36866],[2.09873,41.37023],[2.10129,41.37396],[2.10026,41.37642],[2.10332,41.37898],[2.10124,41.38293],[2.10188,41.38765],[2.09779,41.39396],[2.10267,41.40032],[2.10379,41.40402],[2.099,41.40886],[2.09475,41.40793],[2.08413,41.40928],[2.07859,41.40312],[2.07279,41.40316],[2.07,41.40703],[2.07242,41.41115],[2.07858,41.41498],[2.07049,41.41881],[2.06605,41.41814],[2.06353,41.41356],[2.05685,41.41033],[2.05464,41.41395],[2.0569,41.416],[2.05647,41.42136],[2.05233,41.42423],[2.05766,41.42642],[2.05767,41.43581],[2.05936,41.43539],[2.06274,41.43961],[2.06364,41.44377],[2.06077,41.44499],[2.04572,41.44472],[2.03295,41.44169],[2.02465,41.44994],[2.02357,41.45747],[2.01519,41.45878],[2.01052,41.45665],[1.99973,41.46024],[1.99898,41.45886],[2.00113,41.45631],[1.99572,41.45141],[1.99596,41.43993],[1.99408,41.43559],[1.97839,41.44915],[1.97329,41.46371],[1.96869,41.46386],[1.96111,41.46004],[1.95085,41.46701],[1.95074,41.47176],[1.94516,41.46758],[1.93401,41.47926],[1.93243,41.48546],[1.92274,41.48925],[1.92155,41.49228],[1.9223,41.49542],[1.9302,41.49594],[1.93663,41.50913],[1.95115,41.51016],[1.95133,41.52293],[1.94901,41.52571],[1.93613,41.53033],[1.93212,41.53652],[1.933,41.53716],[1.9272,41.5527],[1.92368,41.5557],[1.91911,41.55644],[1.9216,41.56025],[1.9205,41.5618],[1.92203,41.56869],[1.92041,41.5711],[1.90921,41.57049],[1.88444,41.57907],[1.89117,41.58069],[1.8887,41.58383],[1.8825,41.58564],[1.87878,41.58953],[1.87027,41.58902],[1.86331,41.59228],[1.85081,41.59066],[1.83827,41.59259],[1.83053,41.59136],[1.8248,41.59399],[1.82088,41.59906],[1.81281,41.60207]],[[2.15255,41.31643],[2.15047,41.31764],[2.15336,41.32091],[2.15214,41.32163],[2.15386,41.32192],[2.15647,41.32014],[2.15255,41.31643]]]},"properties":{"OBJECTID":11,"CODICOMAR":"11","NOMCOMAR":"Baix Llobregat","CAPCOMAR":"Sant Feliu de Llobregat","CAPCOMIND":"Sant Feliu de Llobregat","AREAC5000":487.5586,"SHAPE_Length":164756.8950382338,"SHAPE_Area":487570280.1180729}},{"type":"Feature","id":12,"geometry":{"type":"MultiPolygon","coordinates":[[[[1.64209,41.19305],[1.64476,41.19349],[1.64188,41.19314],[1.64209,41.19305]]],[[[1.63379,41.31332],[1.62926,41.31046],[1.63789,41.3098],[1.64243,41.31288],[1.63379,41.31332]]],[[[1.55222,41.36818],[1.54754,41.37208],[1.54805,41.3746],[1.54586,41.3794],[1.53702,41.38534],[1.5281,41.369],[1.51827,41.36456],[1.51252,41.35916],[1.50436,41.36159],[1.49374,41.35528],[1.46282,41.35624],[1.42718,41.33608],[1.40208,41.32501],[1.40363,41.32125],[1.41473,41.31739],[1.42029,41.31382],[1.42546,41.30816],[1.42411,41.30473],[1.41883,41.303],[1.41422,41.29878],[1.4081,41.2979],[1.39897,41.29228],[1.41378,41.28769],[1.42632,41.28627],[1.43477,41.28697],[1.43603,41.2859],[1.43344,41.2824],[1.4395,41.2723],[1.41034,41.27493],[1.40271,41.27079],[1.40301,41.26762],[1.39999,41.26346],[1.41881,41.26286],[1.43438,41.255],[1.43512,41.25126],[1.42609,41.24818],[1.42093,41.24858],[1.41515,41.24527],[1.4127,41.24043],[1.40592,41.23738],[1.40632,41.22688],[1.39867,41.22108],[1.39042,41.22082],[1.39156,41.21332],[1.3952,41.20557],[1.39935,41.20602],[1.40326,41.2101],[1.40931,41.21292],[1.42608,41.21164],[1.42734,41.20894],[1.43569,41.20238],[1.44732,41.20455],[1.45792,41.20349],[1.47677,41.20853],[1.47925,41.20627],[1.47778,41.20048],[1.47934,41.19257],[1.48306,41.18947],[1.48322,41.18663],[1.4863,41.18259],[1.4957,41.17317],[1.52166,41.17888],[1.52676,41.1783],[1.52735,41.17721],[1.52511,41.17726],[1.52734,41.17668],[1.5277,41.17681],[1.52722,41.17833],[1.53092,41.18001],[1.5426,41.18284],[1.58941,41.18841],[1.60325,41.1886],[1.60514,41.18808],[1.60567,41.18499],[1.60678,41.18452],[1.60593,41.18596],[1.607,41.18534],[1.60746,41.1867],[1.6063,41.18631],[1.60586,41.18892],[1.60729,41.18906],[1.6083,41.18544],[1.60754,41.18365],[1.60855,41.18479],[1.60833,41.18848],[1.61344,41.19015],[1.62096,41.19013],[1.6231,41.19154],[1.62449,41.19055],[1.62686,41.19196],[1.62876,41.19101],[1.63044,41.19117],[1.62966,41.19183],[1.63094,41.19264],[1.63733,41.19249],[1.63792,41.19373],[1.63874,41.19266],[1.64048,41.19286],[1.63952,41.19288],[1.64051,41.19418],[1.64349,41.19335],[1.64574,41.19486],[1.64211,41.20007],[1.64132,41.21161],[1.64711,41.21167],[1.64651,41.20863],[1.65327,41.20738],[1.64827,41.21255],[1.6476,41.21665],[1.64414,41.22058],[1.64619,41.22857],[1.64171,41.23622],[1.63318,41.23097],[1.63112,41.2245],[1.62497,41.22351],[1.61516,41.22594],[1.61417,41.22987],[1.60393,41.23432],[1.59997,41.23505],[1.59343,41.23372],[1.58398,41.23717],[1.58315,41.23599],[1.57871,41.24141],[1.57539,41.25537],[1.57012,41.26066],[1.58485,41.25731],[1.59383,41.25819],[1.59634,41.25672],[1.59593,41.25494],[1.60257,41.25288],[1.60605,41.24991],[1.61989,41.2535],[1.62219,41.25474],[1.621,41.25624],[1.62422,41.26228],[1.6226,41.26363],[1.62322,41.2671],[1.62745,41.26974],[1.62595,41.27294],[1.62083,41.27765],[1.62678,41.2803],[1.62931,41.28336],[1.62952,41.28862],[1.62696,41.29092],[1.62743,41.29414],[1.63303,41.29427],[1.63675,41.29609],[1.6315,41.2989],[1.61657,41.29332],[1.61181,41.28519],[1.60278,41.28658],[1.60389,41.28916],[1.59021,41.29361],[1.58864,41.29761],[1.59671,41.30712],[1.59636,41.30845],[1.59309,41.311],[1.58368,41.31446],[1.57831,41.31575],[1.57497,41.31499],[1.57255,41.31951],[1.57253,41.3221],[1.57425,41.32249],[1.57363,41.32553],[1.56913,41.32969],[1.56936,41.33283],[1.56634,41.33915],[1.55908,41.34332],[1.57369,41.35541],[1.57819,41.35343],[1.57649,41.35571],[1.57886,41.35636],[1.57822,41.36241],[1.57386,41.36341],[1.57058,41.36146],[1.57007,41.36703],[1.56789,41.36926],[1.55222,41.36818]]]]},"properties":{"OBJECTID":12,"CODICOMAR":"12","NOMCOMAR":"Baix Penedès","CAPCOMAR":"el Vendrell","CAPCOMIND":"Vendrell, el","AREAC5000":296.6614,"SHAPE_Length":125230.78493559883,"SHAPE_Area":296708894.42721945}},{"type":"Feature","id":13,"geometry":{"type":"MultiPolygon","coordinates":[[[[2.17513,41.34935],[2.18347,41.36332],[2.18306,41.3652],[2.1719,41.34901],[2.16983,41.33768],[2.1712,41.33719],[2.16997,41.33421],[2.17118,41.33393],[2.16944,41.32644],[2.17255,41.31704],[2.16992,41.32657],[2.17513,41.34935]]],[[[2.19373,41.37621],[2.19463,41.37701],[2.19456,41.37728],[2.19373,41.37621]]],[[[2.20588,41.38918],[2.20622,41.38939],[2.20577,41.38935],[2.20588,41.38918]]],[[[2.22196,41.40358],[2.22311,41.40488],[2.22307,41.40509],[2.22196,41.40358]]],[[[2.22628,41.40739],[2.2265,41.40768],[2.22643,41.40769],[2.22628,41.40739]]],[[[2.22675,41.40785],[2.22701,41.4079],[2.22694,41.40826],[2.22675,41.40785]]],[[[2.22698,41.40841],[2.22804,41.40908],[2.2279,41.40961],[2.22698,41.40841]]],[[[2.05685,41.41033],[2.06353,41.41356],[2.06605,41.41814],[2.07049,41.41881],[2.06934,41.42527],[2.06702,41.42636],[2.06781,41.42954],[2.05767,41.43581],[2.05766,41.42642],[2.05233,41.42423],[2.05649,41.42128],[2.0569,41.416],[2.05464,41.41395],[2.05513,41.4121],[2.05685,41.41033]]],[[[2.24404,41.49051],[2.22469,41.49252],[2.21592,41.48655],[2.21513,41.4834],[2.21181,41.48033],[2.21269,41.47826],[2.21756,41.47701],[2.21327,41.47143],[2.20625,41.47033],[2.19975,41.47342],[2.18893,41.47084],[2.18706,41.46772],[2.17869,41.46818],[2.18014,41.46527],[2.16826,41.4607],[2.16567,41.45819],[2.16417,41.45579],[2.16533,41.45225],[2.16422,41.4501],[2.15584,41.44993],[2.15221,41.44718],[2.13461,41.44725],[2.12994,41.44303],[2.12815,41.43348],[2.12127,41.42583],[2.11332,41.4285],[2.10211,41.42869],[2.09607,41.43327],[2.09101,41.42907],[2.08573,41.429],[2.07558,41.43294],[2.07334,41.43645],[2.07177,41.4363],[2.07148,41.43308],[2.07662,41.42871],[2.0732,41.42746],[2.0727,41.42515],[2.08059,41.42406],[2.07628,41.42138],[2.07974,41.41566],[2.07242,41.41115],[2.07,41.40703],[2.07219,41.40346],[2.07859,41.40312],[2.08413,41.40928],[2.09475,41.40793],[2.099,41.40886],[2.10379,41.40402],[2.10267,41.40032],[2.09779,41.39396],[2.10188,41.38765],[2.10124,41.38293],[2.10332,41.37898],[2.10026,41.37642],[2.10129,41.37396],[2.09873,41.37023],[2.09928,41.36866],[2.09398,41.36712],[2.09129,41.36911],[2.08786,41.36903],[2.08678,41.36678],[2.08705,41.36453],[2.09552,41.35844],[2.09988,41.35192],[2.0923,41.34807],[2.08952,41.3413],[2.10479,41.33393],[2.11565,41.32389],[2.12175,41.32207],[2.14986,41.32068],[2.15232,41.32309],[2.15396,41.32768],[2.15917,41.32721],[2.16389,41.33792],[2.16518,41.33759],[2.16411,41.33839],[2.1659,41.34132],[2.15932,41.34326],[2.15628,41.34184],[2.15407,41.33902],[2.14894,41.33002],[2.14844,41.3301],[2.14593,41.33099],[2.14728,41.3337],[2.14428,41.33475],[2.14562,41.33655],[2.14956,41.33667],[2.15092,41.34648],[2.15274,41.34634],[2.15331,41.3427],[2.16314,41.34846],[2.16691,41.34714],[2.17305,41.3565],[2.1699,41.35865],[2.17094,41.36025],[2.17544,41.35863],[2.17674,41.36055],[2.17347,41.36204],[2.17598,41.36533],[2.17932,41.36356],[2.18074,41.36578],[2.17652,41.36713],[2.17709,41.37215],[2.1821,41.3704],[2.18299,41.37161],[2.17798,41.37414],[2.17919,41.37566],[2.18095,41.37497],[2.17952,41.37607],[2.18231,41.37955],[2.18326,41.37755],[2.18109,41.37504],[2.18305,41.37434],[2.18496,41.37673],[2.18367,41.38044],[2.18466,41.38067],[2.18725,41.3776],[2.18424,41.37295],[2.18562,41.37262],[2.18667,41.37481],[2.18754,41.37316],[2.18478,41.37184],[2.18524,41.36809],[2.18721,41.37001],[2.18494,41.36526],[2.18661,41.36402],[2.18796,41.36725],[2.18924,41.36657],[2.18664,41.36339],[2.18536,41.35773],[2.19186,41.36986],[2.18996,41.36965],[2.18941,41.37153],[2.19279,41.37899],[2.19456,41.38107],[2.19669,41.38054],[2.19519,41.38199],[2.19611,41.38373],[2.19998,41.38519],[2.19831,41.3869],[2.20045,41.38833],[2.20196,41.38719],[2.2003,41.38579],[2.20274,41.38661],[2.19885,41.38365],[2.20066,41.38381],[2.20362,41.38741],[2.20131,41.38879],[2.20187,41.38981],[2.2046,41.39121],[2.2059,41.3903],[2.20457,41.39145],[2.20635,41.3907],[2.20542,41.39187],[2.20878,41.39545],[2.21192,41.39507],[2.2108,41.39677],[2.21354,41.39931],[2.21554,41.3986],[2.21411,41.40025],[2.21665,41.40278],[2.21834,41.40207],[2.21685,41.40313],[2.21789,41.40423],[2.22008,41.40532],[2.22196,41.40414],[2.22153,41.40557],[2.22581,41.40602],[2.22475,41.40691],[2.22615,41.40663],[2.22544,41.40732],[2.22675,41.40967],[2.22898,41.41028],[2.22946,41.41187],[2.22677,41.41385],[2.22503,41.41323],[2.22749,41.41546],[2.22865,41.41297],[2.23056,41.41261],[2.22998,41.41355],[2.23293,41.41467],[2.22905,41.40905],[2.22976,41.40896],[2.23347,41.41509],[2.2319,41.41581],[2.23438,41.42208],[2.24035,41.43172],[2.24203,41.43215],[2.24239,41.43327],[2.23982,41.43378],[2.24252,41.43362],[2.24036,41.43466],[2.24084,41.43601],[2.24435,41.43643],[2.24282,41.43119],[2.24499,41.43713],[2.24432,41.43757],[2.24563,41.43747],[2.24501,41.43844],[2.25092,41.44624],[2.26235,41.45626],[2.26998,41.46061],[2.24846,41.48466],[2.24705,41.48859],[2.24404,41.49051]],[[2.15415,41.33897],[2.15433,41.33873],[2.15405,41.33878],[2.15415,41.33897]],[[2.15471,41.33949],[2.15472,41.33937],[2.15465,41.33939],[2.15471,41.33949]]]]},"properties":{"OBJECTID":13,"CODICOMAR":"13","NOMCOMAR":"Barcelonès","CAPCOMAR":"Barcelona","CAPCOMIND":"Barcelona","AREAC5000":146.3578,"SHAPE_Length":122283.83192906417,"SHAPE_Area":146370216.75251463}},{"type":"Feature","id":14,"geometry":{"type":"MultiPolygon","coordinates":[[[[1.6891,42.10191],[1.68916,42.10205],[1.68894,42.10194],[1.6891,42.10191]]],[[[1.69217,42.11292],[1.64727,42.11405],[1.6445,42.11147],[1.66308,42.10531],[1.67883,42.10327],[1.6914,42.10457],[1.69178,42.10643],[1.69473,42.1076],[1.69217,42.11292]]],[[[1.9181,42.31761],[1.91236,42.31873],[1.90591,42.32235],[1.8997,42.32251],[1.89292,42.32109],[1.89298,42.31852],[1.88317,42.31651],[1.87909,42.31294],[1.87281,42.31352],[1.85013,42.31032],[1.84304,42.3064],[1.83663,42.30566],[1.83082,42.30054],[1.81793,42.29958],[1.81382,42.30226],[1.80447,42.30194],[1.79802,42.29875],[1.7972,42.29463],[1.78158,42.29294],[1.77718,42.29043],[1.76213,42.29332],[1.75082,42.29078],[1.74087,42.29091],[1.73735,42.28866],[1.73634,42.28525],[1.7334,42.28387],[1.71875,42.28339],[1.71542,42.28773],[1.70194,42.28471],[1.69377,42.28626],[1.67565,42.28539],[1.67116,42.28336],[1.67042,42.28147],[1.68014,42.27868],[1.68367,42.27602],[1.69007,42.27709],[1.69432,42.26399],[1.68544,42.26033],[1.68461,42.25644],[1.65847,42.25344],[1.63862,42.24741],[1.63336,42.24377],[1.63285,42.2412],[1.62606,42.23812],[1.62546,42.23249],[1.61729,42.22376],[1.61019,42.21267],[1.6118,42.20438],[1.61378,42.20332],[1.61384,42.20101],[1.61601,42.20299],[1.62054,42.20193],[1.62568,42.19782],[1.63505,42.19833],[1.64186,42.19654],[1.64313,42.19398],[1.6419,42.19212],[1.64672,42.18717],[1.65067,42.1778],[1.65504,42.1744],[1.65582,42.17073],[1.65227,42.16941],[1.65825,42.16524],[1.66295,42.16558],[1.66957,42.163],[1.66921,42.16962],[1.6769,42.16816],[1.68139,42.16898],[1.68387,42.16634],[1.68556,42.17197],[1.69103,42.17048],[1.69108,42.17183],[1.69379,42.17241],[1.70097,42.16961],[1.70651,42.16542],[1.7081,42.16109],[1.71636,42.16551],[1.72701,42.16717],[1.72798,42.17064],[1.7257,42.17434],[1.7315,42.18394],[1.73658,42.18345],[1.73473,42.18133],[1.73794,42.17677],[1.73646,42.17244],[1.73825,42.16295],[1.73416,42.15879],[1.72908,42.15836],[1.72407,42.15273],[1.7206,42.15182],[1.7138,42.15472],[1.70787,42.14995],[1.70708,42.14609],[1.70486,42.14251],[1.70241,42.14155],[1.70308,42.13976],[1.69849,42.1346],[1.70052,42.13011],[1.69956,42.12791],[1.71154,42.11935],[1.71194,42.1161],[1.7095,42.10972],[1.70445,42.10598],[1.71157,42.10172],[1.72287,42.10008],[1.72215,42.09128],[1.71747,42.08579],[1.70763,42.08244],[1.69118,42.08679],[1.68788,42.07811],[1.69113,42.0754],[1.68693,42.06842],[1.67463,42.05865],[1.67476,42.05313],[1.67114,42.04376],[1.67247,42.04067],[1.6792,42.03827],[1.68047,42.04541],[1.68423,42.04875],[1.68434,42.04716],[1.69161,42.0456],[1.69667,42.04015],[1.69737,42.03654],[1.69436,42.03494],[1.6997,42.02887],[1.69702,42.02598],[1.69418,42.02812],[1.68931,42.02735],[1.68966,42.0264],[1.68396,42.02474],[1.67834,42.01839],[1.67461,42.01868],[1.66992,42.01561],[1.66861,42.0128],[1.67013,42.00653],[1.66634,42.00301],[1.66104,42.00609],[1.66476,42.00736],[1.66562,42.01003],[1.66211,42.01076],[1.6615,42.01348],[1.66503,42.01862],[1.6644,42.02162],[1.66148,42.02271],[1.65775,42.02153],[1.65486,42.01964],[1.65534,42.01736],[1.65118,42.01291],[1.65278,42.00898],[1.65209,42.00469],[1.64707,41.99993],[1.65053,41.99785],[1.65159,41.99301],[1.65426,41.993],[1.65643,41.99783],[1.65446,41.99959],[1.6577,42.00291],[1.66191,42.00126],[1.66119,41.99168],[1.66219,41.99112],[1.66712,41.99056],[1.68477,41.99513],[1.68979,41.99064],[1.69202,41.99052],[1.6914,41.98677],[1.69743,41.98568],[1.69777,41.98855],[1.69601,41.99147],[1.69884,41.99348],[1.69009,42.00511],[1.6947,42.01319],[1.69867,42.01381],[1.70747,42.00709],[1.70725,42.0019],[1.71133,42.00257],[1.71741,41.99974],[1.71802,41.99781],[1.71583,41.99745],[1.71681,41.99406],[1.71368,41.99218],[1.71931,41.98501],[1.71011,41.97975],[1.69674,41.97582],[1.6824,41.96765],[1.67755,41.96916],[1.6708,41.96835],[1.66831,41.97147],[1.67434,41.98274],[1.6671,41.98506],[1.66402,41.98474],[1.65919,41.98316],[1.66015,41.98139],[1.65887,41.97804],[1.65423,41.98064],[1.64884,41.97966],[1.65111,41.97838],[1.64423,41.96866],[1.64572,41.95853],[1.6489,41.9565],[1.66353,41.96218],[1.66905,41.95797],[1.67039,41.9533],[1.67317,41.95131],[1.67398,41.94871],[1.67801,41.94739],[1.67881,41.94384],[1.67785,41.94272],[1.6857,41.93738],[1.68813,41.93894],[1.70251,41.93931],[1.71616,41.94322],[1.71952,41.93735],[1.71968,41.9315],[1.7334,41.92488],[1.73046,41.9184],[1.73447,41.91673],[1.75122,41.91686],[1.75494,41.92212],[1.76011,41.91562],[1.76262,41.91757],[1.76523,41.9169],[1.76487,41.91459],[1.76681,41.91146],[1.77446,41.91339],[1.78758,41.9195],[1.80031,41.91929],[1.80973,41.92582],[1.82474,41.91982],[1.82762,41.916],[1.83208,41.9138],[1.83293,41.9104],[1.83944,41.90975],[1.84238,41.90803],[1.84326,41.90495],[1.8397,41.90252],[1.84108,41.89971],[1.84538,41.89809],[1.84991,41.90084],[1.84577,41.90755],[1.8485,41.91163],[1.84827,41.91623],[1.86387,41.91654],[1.87106,41.91047],[1.87772,41.90857],[1.88001,41.90642],[1.88598,41.90611],[1.88661,41.90816],[1.88355,41.91314],[1.88592,41.91648],[1.88618,41.92069],[1.88264,41.92387],[1.88532,41.93753],[1.89752,41.93846],[1.8979,41.94036],[1.89402,41.94142],[1.89582,41.94311],[1.89822,41.94458],[1.90001,41.94283],[1.90898,41.94937],[1.9223,41.95442],[1.92701,41.95991],[1.93692,41.96546],[1.94906,41.96524],[1.95135,41.96721],[1.95487,41.96624],[1.97029,41.9199],[1.98369,41.91886],[1.98331,41.922],[1.98535,41.92419],[1.9753,41.92957],[1.97068,41.93691],[1.97438,41.93804],[1.97585,41.94002],[1.97691,41.95498],[1.97857,41.95379],[1.99632,41.96108],[1.99139,41.96669],[1.98559,41.96965],[1.99832,41.97752],[1.99438,41.98766],[1.99475,41.98981],[1.99612,41.99108],[1.99967,41.99019],[2.00461,41.99464],[2.00806,42.00384],[2.00769,42.00886],[2.02151,42.02414],[2.02155,42.02621],[2.01823,42.02835],[2.00333,42.03035],[1.99546,42.02832],[1.99961,42.03179],[1.99733,42.03606],[2.00255,42.03946],[2.00476,42.04826],[2.00762,42.04999],[2.00671,42.05328],[2.00936,42.06115],[2.00766,42.06813],[2.01003,42.0817],[2.00811,42.08515],[2.01372,42.09367],[2.02533,42.09632],[2.02719,42.09514],[2.02592,42.09295],[2.0306,42.08195],[2.03471,42.07714],[2.04533,42.08104],[2.0417,42.08177],[2.0399,42.08649],[2.04246,42.09237],[2.05304,42.09454],[2.05387,42.09066],[2.05768,42.08768],[2.06246,42.09862],[2.04563,42.10447],[2.05449,42.10751],[2.0496,42.12161],[2.06804,42.12269],[2.06765,42.1247],[2.07048,42.13012],[2.06768,42.13443],[2.06115,42.13516],[2.05349,42.13823],[2.05132,42.14309],[2.04454,42.14386],[2.03736,42.14277],[2.03327,42.1504],[2.02765,42.15282],[2.01864,42.15048],[2.00409,42.14975],[2.00497,42.15493],[1.9989,42.15997],[1.99046,42.17139],[1.99215,42.17263],[1.98934,42.17639],[1.99158,42.1784],[1.99183,42.18213],[1.98476,42.18037],[1.97828,42.18187],[1.97071,42.1801],[1.97039,42.178],[1.96554,42.17874],[1.964,42.18716],[1.96465,42.19883],[1.97074,42.1971],[1.97599,42.19832],[1.98778,42.19435],[2.00773,42.19364],[1.99902,42.19259],[1.99767,42.19134],[2.00025,42.18605],[2.00533,42.18271],[2.00084,42.1758],[1.9959,42.17201],[2.00401,42.16646],[2.00466,42.16246],[2.0234,42.16481],[2.03097,42.17101],[2.03149,42.17636],[2.03753,42.17856],[2.0441,42.17599],[2.05712,42.17476],[2.06152,42.17959],[2.06165,42.18872],[2.06342,42.19152],[2.06065,42.19487],[2.05219,42.19542],[2.05319,42.2006],[2.05027,42.20766],[2.05026,42.21471],[2.05311,42.21945],[2.04805,42.22118],[2.03942,42.22077],[2.03006,42.21563],[2.02348,42.22607],[2.01944,42.22816],[2.01753,42.23226],[2.02124,42.23128],[2.0248,42.23262],[2.02523,42.23917],[2.02968,42.24479],[2.029,42.25357],[2.03519,42.25839],[2.04015,42.26002],[2.04398,42.27095],[2.04932,42.27432],[2.05175,42.27437],[2.05536,42.28014],[2.06764,42.28379],[2.0703,42.2891],[2.06932,42.29099],[2.06692,42.28988],[2.06285,42.29167],[2.06154,42.29373],[2.04947,42.29662],[2.03469,42.30573],[2.02645,42.30674],[2.01872,42.31033],[2.0134,42.30761],[2.00717,42.3074],[1.99132,42.30105],[1.98445,42.29999],[1.98358,42.29802],[1.96939,42.30325],[1.94968,42.3153],[1.94315,42.30837],[1.94019,42.31553],[1.9374,42.31712],[1.93194,42.31875],[1.9181,42.31761]],[[2.02081,42.12704],[2.02096,42.13104],[2.02512,42.13043],[2.0295,42.12776],[2.03119,42.12596],[2.02948,42.12108],[2.0191,42.12097],[2.02165,42.11896],[2.01657,42.10908],[2.00762,42.10648],[2.00661,42.11467],[2.00129,42.11983],[2.0056,42.12108],[2.00238,42.12534],[2.02081,42.12704]]]]},"properties":{"OBJECTID":14,"CODICOMAR":"14","NOMCOMAR":"Berguedà","CAPCOMAR":"Berga","CAPCOMIND":"Berga","AREAC5000":1185.3036,"SHAPE_Length":300605.1801903489,"SHAPE_Area":1185383089.562286}},{"type":"Feature","id":15,"geometry":{"type":"MultiPolygon","coordinates":[[[[1.99842,42.48532],[1.98963,42.49369],[1.97915,42.49499],[1.9776,42.49134],[1.97812,42.48597],[1.97245,42.48487],[1.97055,42.48053],[1.96308,42.47871],[1.95656,42.45794],[1.95983,42.45329],[1.96918,42.45188],[1.98392,42.44674],[2.01278,42.44836],[2.01439,42.45179],[2.01196,42.45302],[2.01054,42.45586],[1.99265,42.46205],[1.99194,42.46582],[1.98736,42.46976],[1.98635,42.47486],[1.98955,42.47752],[1.9927,42.48428],[1.99842,42.48532]]],[[[1.67986,42.49452],[1.66958,42.50394],[1.66205,42.49248],[1.66163,42.48461],[1.66288,42.4798],[1.66055,42.47806],[1.66251,42.47445],[1.65702,42.46822],[1.64017,42.46641],[1.63587,42.46805],[1.63102,42.46372],[1.62035,42.46533],[1.60729,42.46443],[1.60025,42.46678],[1.59737,42.46632],[1.58596,42.46059],[1.58093,42.45018],[1.59263,42.44652],[1.59685,42.44384],[1.59649,42.43958],[1.60307,42.42964],[1.60109,42.42452],[1.60773,42.41811],[1.62018,42.41317],[1.6252,42.40621],[1.63707,42.40399],[1.64603,42.39886],[1.64775,42.39671],[1.64632,42.39229],[1.65001,42.39026],[1.65494,42.38409],[1.65719,42.37603],[1.65401,42.3715],[1.65286,42.36574],[1.65756,42.36647],[1.66009,42.3616],[1.65314,42.35027],[1.65003,42.34765],[1.6589,42.3367],[1.65496,42.33243],[1.65153,42.28643],[1.6533,42.28414],[1.66155,42.28238],[1.66691,42.27965],[1.67565,42.28539],[1.69377,42.28626],[1.70194,42.28471],[1.71542,42.28773],[1.71845,42.28354],[1.72305,42.28325],[1.7334,42.28387],[1.73634,42.28525],[1.73775,42.28915],[1.7411,42.29094],[1.75082,42.29078],[1.76213,42.29332],[1.77806,42.29053],[1.78158,42.29294],[1.7972,42.29463],[1.79802,42.29875],[1.80429,42.3019],[1.81382,42.30226],[1.81793,42.29958],[1.83082,42.30054],[1.83663,42.30566],[1.84304,42.3064],[1.85013,42.31032],[1.87281,42.31352],[1.87909,42.31294],[1.88317,42.31651],[1.89298,42.31852],[1.89292,42.32109],[1.90278,42.32296],[1.91405,42.31823],[1.92163,42.31714],[1.93194,42.31875],[1.9374,42.31712],[1.94019,42.31553],[1.94315,42.30837],[1.94866,42.3153],[1.95535,42.3121],[1.96001,42.32479],[1.95893,42.32838],[1.96143,42.33202],[1.98469,42.33121],[1.98834,42.33255],[1.99137,42.33632],[1.99057,42.34176],[1.98791,42.34354],[2.00189,42.34177],[2.01607,42.34709],[2.01028,42.35279],[1.99889,42.35563],[1.99593,42.35938],[1.99144,42.35911],[1.98641,42.36193],[1.97917,42.3716],[1.97242,42.37333],[1.96572,42.38067],[1.96432,42.38815],[1.96014,42.39331],[1.96139,42.40131],[1.96056,42.4043],[1.95511,42.41161],[1.95857,42.42414],[1.94096,42.43003],[1.94291,42.44445],[1.93699,42.45369],[1.93272,42.45464],[1.92075,42.44694],[1.9163,42.44624],[1.8982,42.45001],[1.89575,42.44759],[1.89117,42.44772],[1.88461,42.4498],[1.88303,42.45742],[1.88103,42.45989],[1.8647,42.46626],[1.86221,42.46598],[1.85952,42.46247],[1.85555,42.46369],[1.84916,42.46765],[1.84178,42.47744],[1.83446,42.48239],[1.82715,42.48378],[1.82342,42.48663],[1.81672,42.48316],[1.80802,42.48691],[1.8043,42.49039],[1.79195,42.48551],[1.76267,42.48677],[1.75955,42.49028],[1.75304,42.49134],[1.74615,42.49548],[1.7301,42.49239],[1.72566,42.50468],[1.71137,42.49226],[1.70361,42.4898],[1.69032,42.49495],[1.67986,42.49452]]]]},"properties":{"OBJECTID":15,"CODICOMAR":"15","NOMCOMAR":"Cerdanya","CAPCOMAR":"Puigcerdà","CAPCOMIND":"Puigcerdà","AREAC5000":546.3461,"SHAPE_Length":136609.07263484894,"SHAPE_Area":546279188.082418}},{"type":"Feature","id":16,"geometry":{"type":"Polygon","coordinates":[[[1.43519,41.57657],[1.43358,41.57868],[1.41937,41.58286],[1.4152,41.58258],[1.41178,41.58028],[1.41021,41.57552],[1.39513,41.57741],[1.39253,41.5752],[1.39501,41.56768],[1.40223,41.56471],[1.40319,41.55788],[1.38528,41.55586],[1.38287,41.55654],[1.38013,41.56143],[1.37086,41.5653],[1.34537,41.56802],[1.32885,41.56697],[1.31221,41.56876],[1.30424,41.57146],[1.29405,41.56639],[1.27091,41.57205],[1.25869,41.56756],[1.25534,41.57125],[1.24645,41.57079],[1.24334,41.56829],[1.23394,41.57138],[1.23157,41.56984],[1.21969,41.56972],[1.21574,41.56716],[1.21651,41.56217],[1.21263,41.55907],[1.21169,41.55625],[1.21292,41.55294],[1.21069,41.54869],[1.19769,41.54371],[1.18088,41.54329],[1.16832,41.54027],[1.16648,41.53714],[1.17619,41.53377],[1.17122,41.5325],[1.16409,41.53429],[1.16904,41.53134],[1.17394,41.53131],[1.17139,41.52781],[1.17007,41.51924],[1.16894,41.51789],[1.16542,41.51772],[1.16362,41.5132],[1.16675,41.5054],[1.17572,41.50112],[1.17622,41.49356],[1.17978,41.48843],[1.16184,41.48246],[1.13086,41.47732],[1.12964,41.47425],[1.10941,41.46723],[1.10716,41.46858],[1.10644,41.47322],[1.10458,41.47535],[1.09406,41.47818],[1.09111,41.47652],[1.08614,41.4783],[1.07901,41.48374],[1.06426,41.48739],[1.05718,41.49317],[1.03945,41.50138],[1.03739,41.49892],[1.03833,41.49684],[1.04851,41.48754],[1.04646,41.48441],[1.03746,41.47999],[1.05667,41.46642],[1.06885,41.464],[1.07508,41.45917],[1.07104,41.45515],[1.06445,41.45457],[1.06264,41.44832],[1.05542,41.44195],[1.05228,41.4432],[1.04641,41.44065],[1.04609,41.43685],[1.03852,41.42156],[1.03142,41.4209],[1.03209,41.41882],[1.02772,41.40926],[1.01635,41.40397],[1.0062,41.40557],[1.00285,41.40434],[1.00124,41.4022],[1.00275,41.40023],[0.99829,41.39877],[0.99334,41.39424],[0.99384,41.39101],[0.99197,41.38898],[0.98196,41.39175],[0.97958,41.38656],[0.97351,41.3808],[0.97263,41.37329],[0.96246,41.36755],[0.96179,41.36148],[0.96335,41.35931],[0.96633,41.35858],[0.96435,41.35526],[0.9492,41.35231],[0.94493,41.34989],[0.93344,41.35016],[0.92167,41.34834],[0.91149,41.3494],[0.90493,41.34757],[0.90863,41.34344],[0.90928,41.33816],[0.90637,41.333],[0.90636,41.32774],[0.95293,41.31694],[0.95716,41.31903],[0.96383,41.32619],[0.97677,41.32918],[0.98247,41.33799],[0.98218,41.34079],[0.9853,41.34544],[0.99012,41.34768],[0.99426,41.35261],[0.99698,41.35264],[0.99883,41.3523],[1.00075,41.34821],[1.00488,41.34605],[1.00417,41.33565],[1.0019,41.32974],[1.00263,41.32693],[1.00534,41.32563],[1.01462,41.32939],[1.01957,41.33298],[1.02051,41.33191],[1.0189,41.33074],[1.02161,41.32863],[1.02454,41.32867],[1.02728,41.32606],[1.03449,41.32964],[1.03704,41.32653],[1.04125,41.32543],[1.0555,41.3264],[1.0604,41.32524],[1.06411,41.32629],[1.06689,41.32311],[1.06488,41.31986],[1.07515,41.32131],[1.07865,41.31847],[1.09767,41.31526],[1.10409,41.31547],[1.1078,41.31334],[1.1024,41.31051],[1.10312,41.30971],[1.12635,41.30542],[1.13278,41.30568],[1.13843,41.30841],[1.14445,41.30887],[1.14928,41.31157],[1.15238,41.31108],[1.15772,41.31517],[1.17062,41.31729],[1.17447,41.32034],[1.18489,41.3196],[1.18809,41.31622],[1.19129,41.3153],[1.19341,41.32291],[1.1969,41.32852],[1.21127,41.33401],[1.221,41.34256],[1.22567,41.35058],[1.22562,41.36318],[1.23016,41.37357],[1.23971,41.37571],[1.23898,41.38003],[1.24046,41.38386],[1.25366,41.38483],[1.25227,41.38777],[1.25596,41.39081],[1.26119,41.39859],[1.25939,41.40385],[1.27096,41.40806],[1.28317,41.41751],[1.28723,41.4179],[1.29154,41.42543],[1.30004,41.42852],[1.30342,41.42782],[1.30741,41.43551],[1.31433,41.44159],[1.31794,41.4427],[1.32107,41.44823],[1.32716,41.44117],[1.3282,41.43225],[1.32716,41.42809],[1.32832,41.42723],[1.34112,41.4307],[1.35563,41.42831],[1.3653,41.43182],[1.37181,41.43679],[1.36903,41.44001],[1.36809,41.44267],[1.36898,41.4439],[1.38282,41.44787],[1.40391,41.43522],[1.40804,41.43991],[1.41615,41.44404],[1.42215,41.4493],[1.44064,41.44914],[1.45529,41.46248],[1.45419,41.46418],[1.45552,41.46575],[1.45375,41.46945],[1.45696,41.47051],[1.46127,41.46876],[1.46829,41.476],[1.47425,41.4779],[1.47561,41.48199],[1.47336,41.48605],[1.46681,41.48429],[1.46451,41.48461],[1.4634,41.48765],[1.45312,41.4871],[1.45027,41.49212],[1.44624,41.49511],[1.43737,41.4985],[1.42239,41.4997],[1.42144,41.50325],[1.41863,41.50203],[1.41502,41.50541],[1.40817,41.5046],[1.40354,41.50708],[1.40151,41.51243],[1.39574,41.51289],[1.39836,41.51417],[1.3975,41.51878],[1.40049,41.52884],[1.40616,41.53426],[1.40845,41.53518],[1.42569,41.5321],[1.43629,41.53935],[1.44835,41.53711],[1.44923,41.54548],[1.44672,41.55247],[1.43485,41.55016],[1.43224,41.55166],[1.43109,41.55557],[1.44001,41.56305],[1.45397,41.56925],[1.4474,41.57385],[1.43519,41.57657]]]},"properties":{"OBJECTID":16,"CODICOMAR":"16","NOMCOMAR":"Conca de Barberà","CAPCOMAR":"Montblanc","CAPCOMIND":"Montblanc","AREAC5000":650.3631,"SHAPE_Length":185683.036581227,"SHAPE_Area":650419984.426055}},{"type":"Feature","id":17,"geometry":{"type":"MultiPolygon","coordinates":[[[[1.65185,41.19466],[1.65095,41.19508],[1.6502,41.19459],[1.65151,41.1944],[1.65185,41.19466]]],[[[1.66159,41.19513],[1.66294,41.19525],[1.66299,41.19528],[1.66159,41.19513]]],[[[1.66524,41.19567],[1.66641,41.19567],[1.66656,41.19574],[1.66524,41.19567]]],[[[1.66954,41.19607],[1.67014,41.19625],[1.66891,41.19614],[1.66954,41.19607]]],[[[1.79197,41.32325],[1.77732,41.32888],[1.76804,41.32421],[1.76338,41.32103],[1.76311,41.3155],[1.76501,41.31285],[1.75882,41.30848],[1.75675,41.3044],[1.75803,41.30305],[1.7542,41.30074],[1.75305,41.30175],[1.74604,41.30033],[1.74301,41.29687],[1.74001,41.29685],[1.73762,41.295],[1.72914,41.29942],[1.72158,41.30144],[1.70961,41.30144],[1.70284,41.29954],[1.70017,41.29549],[1.70297,41.29059],[1.6932,41.28039],[1.69313,41.27535],[1.69034,41.27396],[1.69058,41.27175],[1.67736,41.26085],[1.67522,41.25675],[1.6707,41.25488],[1.67089,41.24971],[1.66922,41.24624],[1.6455,41.23815],[1.64124,41.23542],[1.64619,41.22857],[1.64414,41.22058],[1.6476,41.21665],[1.64827,41.21255],[1.65327,41.20738],[1.64651,41.20863],[1.64711,41.21167],[1.64132,41.21161],[1.64211,41.20007],[1.64743,41.19363],[1.64949,41.19613],[1.65481,41.19668],[1.6526,41.19382],[1.64719,41.19276],[1.65681,41.19377],[1.65376,41.19395],[1.66711,41.19759],[1.67294,41.19717],[1.68377,41.20296],[1.6983,41.20809],[1.70747,41.20748],[1.71503,41.21109],[1.71836,41.20985],[1.72328,41.21174],[1.72782,41.21109],[1.72921,41.20798],[1.73165,41.20996],[1.73124,41.2111],[1.72951,41.21023],[1.72905,41.21151],[1.73111,41.21146],[1.73079,41.21237],[1.72876,41.21176],[1.72821,41.21316],[1.73075,41.21438],[1.72854,41.21392],[1.72827,41.21492],[1.73326,41.21539],[1.73425,41.21346],[1.73375,41.2155],[1.73578,41.21592],[1.73669,41.21341],[1.73405,41.21279],[1.73639,41.21301],[1.73718,41.21132],[1.73408,41.21056],[1.73333,41.2082],[1.72984,41.20584],[1.73331,41.20771],[1.73471,41.20994],[1.73812,41.21076],[1.73733,41.21439],[1.74267,41.21824],[1.74997,41.2178],[1.754,41.21976],[1.76186,41.21868],[1.77694,41.22364],[1.78852,41.22374],[1.78942,41.22623],[1.79229,41.22684],[1.79191,41.22797],[1.79385,41.22905],[1.79551,41.22857],[1.7965,41.23043],[1.79904,41.23019],[1.80015,41.23191],[1.80287,41.23153],[1.8031,41.23278],[1.80804,41.23434],[1.80996,41.23305],[1.815,41.23597],[1.82066,41.23576],[1.82172,41.23314],[1.82508,41.23358],[1.82174,41.23338],[1.82149,41.23459],[1.82669,41.23423],[1.82414,41.23203],[1.82702,41.23306],[1.82747,41.23601],[1.82897,41.23668],[1.85356,41.2344],[1.86048,41.23644],[1.86147,41.23913],[1.86402,41.23828],[1.86613,41.23944],[1.86737,41.23794],[1.86594,41.23652],[1.86767,41.23796],[1.86626,41.23977],[1.86943,41.24294],[1.89471,41.24978],[1.9,41.24927],[1.89834,41.25028],[1.90175,41.25178],[1.90055,41.24906],[1.89884,41.24866],[1.9001,41.24855],[1.9008,41.24899],[1.90307,41.25359],[1.90659,41.25518],[1.91819,41.25807],[1.92095,41.25656],[1.91977,41.25864],[1.92132,41.25949],[1.92245,41.25835],[1.92117,41.25774],[1.92381,41.25787],[1.92289,41.25931],[1.92547,41.25889],[1.92497,41.2599],[1.92822,41.26084],[1.92875,41.25938],[1.92003,41.25598],[1.92141,41.25564],[1.92982,41.25882],[1.92918,41.26009],[1.93254,41.26168],[1.9445,41.26349],[1.94327,41.26625],[1.93928,41.2692],[1.93738,41.27499],[1.94374,41.27922],[1.93187,41.28506],[1.92601,41.29022],[1.92348,41.29113],[1.91414,41.28891],[1.90965,41.28346],[1.9022,41.28085],[1.88983,41.28344],[1.88239,41.27819],[1.8727,41.27965],[1.87143,41.27864],[1.87088,41.28063],[1.86907,41.28129],[1.87101,41.29116],[1.87267,41.29345],[1.86939,41.29625],[1.86357,41.29594],[1.85939,41.2986],[1.85518,41.29859],[1.84673,41.30635],[1.85019,41.31646],[1.8497,41.31864],[1.84785,41.31932],[1.84057,41.31541],[1.83212,41.32053],[1.82856,41.32103],[1.82433,41.31915],[1.81985,41.32107],[1.81291,41.32096],[1.81014,41.32328],[1.80536,41.32425],[1.79197,41.32325]]]]},"properties":{"OBJECTID":17,"CODICOMAR":"17","NOMCOMAR":"Garraf","CAPCOMAR":"Vilanova i la Geltrú","CAPCOMIND":"Vilanova i la Geltrú","AREAC5000":185.2952,"SHAPE_Length":99332.40015555717,"SHAPE_Area":185281000.70957574}},{"type":"Feature","id":18,"geometry":{"type":"Polygon","coordinates":[[[0.93523,41.58474],[0.91699,41.58881],[0.89832,41.58061],[0.88885,41.57436],[0.88352,41.57924],[0.88232,41.58383],[0.87769,41.58586],[0.85826,41.57385],[0.85105,41.57436],[0.85281,41.57168],[0.83812,41.56455],[0.83383,41.56632],[0.83615,41.56863],[0.83148,41.57051],[0.82888,41.56896],[0.82873,41.56544],[0.82364,41.57017],[0.80969,41.57028],[0.80676,41.57162],[0.7971,41.57057],[0.79133,41.5682],[0.78897,41.56311],[0.77925,41.56736],[0.77566,41.56266],[0.77847,41.55819],[0.77754,41.5502],[0.7757,41.5493],[0.76446,41.55134],[0.75605,41.55035],[0.75412,41.54031],[0.75887,41.53774],[0.7508,41.53119],[0.7479,41.53314],[0.74723,41.52946],[0.74554,41.5282],[0.7415,41.52937],[0.73156,41.52034],[0.7267,41.51851],[0.71015,41.52498],[0.70547,41.51862],[0.70039,41.50507],[0.69593,41.49982],[0.69804,41.48975],[0.69297,41.47731],[0.6778,41.47723],[0.6729,41.47954],[0.67146,41.47595],[0.66426,41.47322],[0.6622,41.46534],[0.6635,41.45775],[0.65911,41.45564],[0.64281,41.45483],[0.63283,41.44948],[0.62828,41.45255],[0.62753,41.45144],[0.62093,41.43465],[0.6225,41.42507],[0.62841,41.42002],[0.63179,41.4119],[0.62577,41.39934],[0.61881,41.39305],[0.60608,41.38981],[0.59644,41.38516],[0.58451,41.37625],[0.58378,41.37294],[0.58594,41.36099],[0.58216,41.35319],[0.58688,41.34456],[0.58651,41.33737],[0.58085,41.31989],[0.58244,41.31087],[0.59706,41.29345],[0.60139,41.29412],[0.60428,41.29215],[0.61947,41.291],[0.62444,41.29224],[0.62819,41.29086],[0.63627,41.29748],[0.65727,41.30153],[0.66242,41.30577],[0.67073,41.30972],[0.67753,41.3099],[0.68132,41.30817],[0.6905,41.31261],[0.6959,41.31364],[0.69791,41.31219],[0.71274,41.31461],[0.72229,41.3138],[0.73989,41.31779],[0.74982,41.31733],[0.75188,41.31974],[0.75051,41.32454],[0.7541,41.32747],[0.75409,41.32894],[0.76236,41.33447],[0.77395,41.33447],[0.77801,41.33242],[0.79126,41.33181],[0.79494,41.32892],[0.80244,41.3304],[0.81526,41.32695],[0.81956,41.32887],[0.82238,41.33676],[0.82562,41.33996],[0.82694,41.35067],[0.83027,41.35311],[0.82913,41.35725],[0.84006,41.36181],[0.845,41.3623],[0.84716,41.35473],[0.8547,41.34845],[0.86327,41.33811],[0.88581,41.34187],[0.90171,41.34749],[0.91149,41.3494],[0.92167,41.34834],[0.93344,41.35016],[0.94493,41.34989],[0.9492,41.35231],[0.96435,41.35526],[0.96633,41.35858],[0.96335,41.35931],[0.96179,41.36148],[0.96246,41.36755],[0.97263,41.37329],[0.97351,41.3808],[0.97958,41.38656],[0.98196,41.39175],[0.99197,41.38898],[0.99384,41.39101],[0.99334,41.39424],[0.99829,41.39877],[1.00275,41.40023],[1.00124,41.4022],[1.00285,41.40434],[1.0062,41.40557],[1.01635,41.40397],[1.02772,41.40926],[1.03209,41.41882],[1.03142,41.4209],[1.03852,41.42156],[1.04609,41.43685],[1.04641,41.44065],[1.05228,41.4432],[1.05542,41.44195],[1.06264,41.44832],[1.06445,41.45457],[1.07104,41.45515],[1.0755,41.45997],[1.06885,41.464],[1.05667,41.46642],[1.03746,41.47999],[1.04646,41.48441],[1.04851,41.48754],[1.03833,41.49684],[1.03651,41.5033],[1.03801,41.50508],[1.03208,41.50601],[1.02013,41.5034],[1.01112,41.512],[0.99724,41.51323],[0.97883,41.51801],[0.98134,41.5281],[0.9881,41.53637],[0.98383,41.54305],[0.98335,41.54635],[0.98767,41.54678],[0.98669,41.55006],[0.97224,41.55886],[0.97005,41.56108],[0.96911,41.56506],[0.96165,41.56858],[0.96864,41.57784],[0.95266,41.58423],[0.93523,41.58474]]]},"properties":{"OBJECTID":18,"CODICOMAR":"18","NOMCOMAR":"Garrigues","CAPCOMAR":"les Borges Blanques","CAPCOMIND":"Borges Blanques, les","AREAC5000":797.2156,"SHAPE_Length":145933.63252422522,"SHAPE_Area":797051199.9430703}},{"type":"Feature","id":19,"geometry":{"type":"Polygon","coordinates":[[[2.54246,42.33367],[2.52652,42.33342],[2.51992,42.32687],[2.52455,42.31938],[2.52801,42.30529],[2.52798,42.30126],[2.52406,42.2918],[2.53279,42.2902],[2.55072,42.2899],[2.55789,42.28747],[2.55647,42.28567],[2.55053,42.28551],[2.54541,42.28277],[2.53822,42.28229],[2.53735,42.27991],[2.53447,42.27956],[2.50877,42.28134],[2.50744,42.28643],[2.50455,42.28692],[2.50404,42.29892],[2.50611,42.30405],[2.50388,42.30413],[2.4965,42.29888],[2.49553,42.3003],[2.47973,42.30292],[2.48026,42.298],[2.48534,42.28834],[2.46335,42.27953],[2.45251,42.28316],[2.45067,42.28306],[2.44986,42.28107],[2.44552,42.28059],[2.44154,42.2854],[2.43441,42.28481],[2.43086,42.28771],[2.42754,42.28434],[2.41609,42.28651],[2.41311,42.28563],[2.40632,42.28187],[2.40616,42.27432],[2.39919,42.27173],[2.3885,42.272],[2.37566,42.26505],[2.3783,42.26253],[2.37903,42.25957],[2.382,42.25632],[2.38529,42.25561],[2.38516,42.25439],[2.37278,42.25143],[2.36938,42.24825],[2.36438,42.24848],[2.36032,42.24561],[2.35121,42.24474],[2.34406,42.24081],[2.34327,42.23876],[2.34476,42.23177],[2.3482,42.2282],[2.35807,42.22627],[2.36228,42.22806],[2.37478,42.22961],[2.3765,42.2269],[2.37621,42.22441],[2.36926,42.21537],[2.36232,42.2156],[2.35277,42.21303],[2.33881,42.21207],[2.33269,42.21066],[2.33353,42.20822],[2.34591,42.20288],[2.34739,42.20166],[2.34919,42.19439],[2.35574,42.19336],[2.36026,42.18833],[2.35816,42.17846],[2.3612,42.17151],[2.37117,42.1761],[2.3727,42.1723],[2.37574,42.16951],[2.3788,42.17092],[2.38599,42.16687],[2.38447,42.1635],[2.38176,42.16271],[2.37526,42.16629],[2.37249,42.16143],[2.36833,42.16178],[2.36549,42.15949],[2.36149,42.16069],[2.35813,42.15883],[2.35732,42.15387],[2.35087,42.15049],[2.34924,42.14768],[2.34878,42.14386],[2.35077,42.13767],[2.36869,42.12855],[2.3743,42.12888],[2.38106,42.12368],[2.37318,42.11582],[2.37628,42.11047],[2.37658,42.10546],[2.3799,42.10359],[2.39475,42.10424],[2.40017,42.10276],[2.39464,42.0953],[2.39412,42.09165],[2.39688,42.08761],[2.3945,42.08676],[2.40549,42.07866],[2.40857,42.07124],[2.41094,42.06889],[2.41461,42.0691],[2.41737,42.06506],[2.41985,42.06541],[2.42709,42.06114],[2.43479,42.06798],[2.44364,42.07298],[2.44907,42.0743],[2.4501,42.0775],[2.45404,42.07736],[2.45821,42.07912],[2.4625,42.07455],[2.46239,42.07717],[2.46688,42.07394],[2.47646,42.07621],[2.47996,42.07433],[2.48422,42.06617],[2.48577,42.06613],[2.48656,42.069],[2.49073,42.06827],[2.49939,42.05478],[2.51105,42.04775],[2.51417,42.04203],[2.53304,42.02804],[2.54485,42.02949],[2.54716,42.03882],[2.55341,42.04392],[2.55674,42.04481],[2.56248,42.04277],[2.5656,42.03863],[2.57599,42.03731],[2.5798,42.03462],[2.58296,42.03701],[2.58797,42.03655],[2.59065,42.03909],[2.59178,42.04429],[2.59702,42.04999],[2.60261,42.0463],[2.59914,42.04251],[2.60896,42.02814],[2.61441,42.02437],[2.61971,42.02281],[2.62617,42.02336],[2.62828,42.01221],[2.6371,42.01245],[2.63557,42.0148],[2.63702,42.01654],[2.64319,42.01676],[2.64892,42.01378],[2.66132,42.01644],[2.66204,42.01755],[2.659,42.02088],[2.64512,42.03],[2.64214,42.03662],[2.63779,42.03898],[2.63146,42.03872],[2.63371,42.04452],[2.6325,42.04846],[2.63913,42.05479],[2.63778,42.06126],[2.63561,42.06363],[2.63746,42.06731],[2.63736,42.07269],[2.63188,42.07898],[2.63397,42.08249],[2.63049,42.08674],[2.63182,42.08898],[2.63634,42.08757],[2.63806,42.08998],[2.64546,42.09393],[2.646,42.09661],[2.65256,42.10329],[2.65445,42.11105],[2.65759,42.11211],[2.65742,42.1185],[2.6659,42.1236],[2.66411,42.1321],[2.65422,42.13611],[2.65987,42.1395],[2.66053,42.14185],[2.65706,42.14336],[2.65822,42.15556],[2.6686,42.15885],[2.66529,42.1676],[2.66722,42.1722],[2.66675,42.17636],[2.67352,42.17509],[2.68224,42.17631],[2.68449,42.17426],[2.67553,42.17154],[2.68417,42.17083],[2.69349,42.17367],[2.71065,42.17493],[2.72402,42.18648],[2.73518,42.18169],[2.74088,42.18093],[2.76486,42.18692],[2.77078,42.18967],[2.76717,42.19562],[2.76646,42.20323],[2.77918,42.21231],[2.77699,42.21555],[2.77591,42.22389],[2.77821,42.2272],[2.76853,42.23836],[2.77151,42.25221],[2.75222,42.25878],[2.73054,42.26389],[2.72916,42.26318],[2.72652,42.2544],[2.72719,42.25022],[2.72326,42.24709],[2.72209,42.24672],[2.71824,42.25081],[2.70232,42.24945],[2.70118,42.25458],[2.70253,42.25873],[2.70627,42.25962],[2.7088,42.267],[2.69606,42.27391],[2.67666,42.27073],[2.68348,42.26794],[2.6903,42.26265],[2.67227,42.26255],[2.67694,42.26019],[2.67255,42.25689],[2.67061,42.25942],[2.67144,42.26337],[2.66169,42.26535],[2.66319,42.26641],[2.66091,42.26764],[2.66151,42.26997],[2.66751,42.27262],[2.66439,42.27738],[2.66578,42.28169],[2.66504,42.28415],[2.65958,42.29019],[2.65681,42.29618],[2.64477,42.29773],[2.62789,42.29597],[2.62958,42.30272],[2.63175,42.30502],[2.63078,42.31281],[2.62081,42.30972],[2.61768,42.30685],[2.61551,42.31306],[2.61212,42.31485],[2.61404,42.31856],[2.59177,42.32785],[2.58065,42.32631],[2.57816,42.32152],[2.56234,42.31835],[2.55124,42.3285],[2.54246,42.33367]]]},"properties":{"OBJECTID":19,"CODICOMAR":"19","NOMCOMAR":"Garrotxa","CAPCOMAR":"Olot","CAPCOMIND":"Olot","AREAC5000":733.3302,"SHAPE_Length":186502.41430730597,"SHAPE_Area":733227016.8534222}},{"type":"Feature","id":20,"geometry":{"type":"Polygon","coordinates":[[[2.93165,42.11368],[2.92628,42.11681],[2.92493,42.11526],[2.91606,42.114],[2.91337,42.11055],[2.90428,42.11062],[2.9031,42.10519],[2.89369,42.09349],[2.89652,42.08751],[2.89528,42.08741],[2.89405,42.0827],[2.89449,42.07371],[2.89327,42.07093],[2.88859,42.07132],[2.88769,42.06836],[2.88285,42.06615],[2.88246,42.06857],[2.88411,42.07065],[2.88165,42.07176],[2.87415,42.06618],[2.87267,42.06654],[2.86857,42.07439],[2.86441,42.07366],[2.8639,42.07569],[2.86026,42.07496],[2.85834,42.07845],[2.85692,42.07822],[2.8587,42.06915],[2.85349,42.06749],[2.84739,42.06308],[2.84808,42.06032],[2.84613,42.05895],[2.84724,42.05562],[2.84197,42.05406],[2.83012,42.05489],[2.8333,42.05223],[2.83174,42.05064],[2.83636,42.04066],[2.81176,42.03706],[2.80399,42.0398],[2.80164,42.03619],[2.8021,42.03168],[2.79936,42.03167],[2.79065,42.03716],[2.78714,42.03737],[2.78501,42.04094],[2.77999,42.04413],[2.77784,42.04992],[2.78146,42.054],[2.77894,42.05746],[2.7667,42.05695],[2.76769,42.05862],[2.75811,42.07162],[2.72925,42.07931],[2.73213,42.08602],[2.72429,42.08652],[2.71633,42.09208],[2.69161,42.09288],[2.68599,42.08481],[2.68091,42.08264],[2.67861,42.08455],[2.66408,42.08632],[2.64919,42.08483],[2.64275,42.0876],[2.63793,42.08689],[2.63182,42.08898],[2.63049,42.08674],[2.63397,42.08249],[2.63188,42.07898],[2.63736,42.07269],[2.63746,42.06731],[2.63561,42.06363],[2.63778,42.06126],[2.63913,42.05479],[2.6325,42.04846],[2.63371,42.04452],[2.63146,42.03872],[2.63997,42.03812],[2.64401,42.03444],[2.64512,42.03],[2.66192,42.01775],[2.66407,42.0088],[2.65854,42.00737],[2.65863,41.99982],[2.6608,41.99228],[2.66327,41.99181],[2.66795,41.98566],[2.66896,41.97521],[2.67401,41.97383],[2.672,41.97205],[2.67212,41.96552],[2.66622,41.96527],[2.66132,41.96305],[2.66069,41.95954],[2.66556,41.95201],[2.67262,41.94824],[2.68034,41.94897],[2.68739,41.94289],[2.69723,41.93753],[2.70231,41.93079],[2.69781,41.9256],[2.69833,41.92409],[2.71747,41.9219],[2.74447,41.92456],[2.74669,41.92691],[2.75594,41.92025],[2.76594,41.90939],[2.78007,41.90336],[2.79226,41.91074],[2.79972,41.91189],[2.80371,41.91436],[2.81659,41.91226],[2.81726,41.90996],[2.81192,41.90852],[2.81641,41.90634],[2.81752,41.90355],[2.81693,41.8917],[2.81468,41.88381],[2.80979,41.87731],[2.8109,41.87484],[2.81294,41.87435],[2.8138,41.87117],[2.81278,41.85989],[2.81629,41.85699],[2.81831,41.85022],[2.81953,41.85239],[2.82552,41.85468],[2.82997,41.85909],[2.83513,41.86136],[2.83709,41.86062],[2.84205,41.85407],[2.84967,41.84937],[2.85455,41.84766],[2.86204,41.84882],[2.85609,41.82942],[2.84923,41.81993],[2.8481,41.81418],[2.85169,41.81044],[2.86597,41.81019],[2.86491,41.81456],[2.87256,41.81505],[2.8724,41.80902],[2.86518,41.809],[2.86132,41.80746],[2.8585,41.8021],[2.85397,41.80058],[2.85517,41.79563],[2.85382,41.79205],[2.8712,41.77277],[2.88264,41.77363],[2.90238,41.77242],[2.91611,41.7679],[2.92819,41.75752],[2.94049,41.76064],[2.95269,41.77086],[2.96009,41.77414],[2.95577,41.78652],[2.94348,41.7895],[2.93019,41.82475],[2.93334,41.82783],[2.94448,41.8263],[2.96221,41.82689],[2.96591,41.82574],[2.96971,41.82652],[2.97083,41.82825],[2.96892,41.8367],[2.96658,41.83913],[2.96629,41.84373],[2.96206,41.84679],[2.96194,41.85138],[2.94876,41.86344],[2.9419,41.86623],[2.94496,41.8685],[2.94487,41.87167],[2.95107,41.8769],[2.95329,41.88191],[2.95647,41.88473],[2.94642,41.88708],[2.93631,41.89794],[2.90599,41.90251],[2.8956,41.90142],[2.88545,41.90942],[2.90228,41.91897],[2.9022,41.92233],[2.89759,41.93089],[2.89788,41.9329],[2.91199,41.93439],[2.91165,41.93135],[2.91384,41.92995],[2.9189,41.93199],[2.92166,41.93702],[2.92413,41.93787],[2.92851,41.93769],[2.93512,41.93973],[2.94565,41.93933],[2.94484,41.9473],[2.94907,41.94794],[2.94594,41.95524],[2.94779,41.96199],[2.94507,41.96608],[2.94967,41.97297],[2.96819,41.97515],[2.97561,41.97805],[2.97555,41.98275],[2.98174,41.98371],[2.98716,41.98917],[2.97842,42.00017],[2.97299,42.00096],[2.9675,41.99867],[2.95969,42.00047],[2.95766,41.99962],[2.95173,42.00573],[2.95122,42.00987],[2.95298,42.03308],[2.95641,42.03218],[2.95913,42.03804],[2.96171,42.03844],[2.96558,42.03496],[2.969,42.03456],[2.97982,42.03683],[2.98163,42.04524],[2.97268,42.06098],[2.97765,42.06653],[2.9781,42.07299],[2.97289,42.07303],[2.97119,42.0746],[2.9691,42.08334],[2.96478,42.08993],[2.95944,42.09203],[2.9572,42.09691],[2.95191,42.09776],[2.95427,42.11213],[2.95343,42.11316],[2.94279,42.11461],[2.93925,42.11637],[2.93389,42.11553],[2.93165,42.11368]]]},"properties":{"OBJECTID":20,"CODICOMAR":"20","NOMCOMAR":"Gironès","CAPCOMAR":"Girona","CAPCOMIND":"Girona","AREAC5000":575.9451,"SHAPE_Length":178177.28252811002,"SHAPE_Area":575863218.8936543}},{"type":"Feature","id":21,"geometry":{"type":"Polygon","coordinates":[[[2.72405,41.7444],[2.70251,41.72815],[2.69303,41.72541],[2.6701,41.71439],[2.65399,41.72196],[2.65083,41.72214],[2.64925,41.71761],[2.64339,41.71504],[2.64098,41.71178],[2.63327,41.69465],[2.63433,41.69174],[2.63301,41.68984],[2.62904,41.68829],[2.61377,41.69252],[2.59968,41.68382],[2.60318,41.67848],[2.60902,41.67545],[2.60638,41.67268],[2.59816,41.67014],[2.59387,41.65887],[2.57148,41.661],[2.5619,41.65883],[2.55137,41.65998],[2.54712,41.65832],[2.54465,41.65538],[2.54409,41.65042],[2.54023,41.6474],[2.53951,41.64283],[2.5355,41.64101],[2.53473,41.63387],[2.52937,41.6319],[2.52891,41.62876],[2.52695,41.62702],[2.5226,41.62584],[2.51531,41.62729],[2.49721,41.62331],[2.48522,41.62686],[2.4844,41.63116],[2.47952,41.62919],[2.47728,41.63098],[2.47088,41.62972],[2.46381,41.63058],[2.459,41.62852],[2.4569,41.62887],[2.45562,41.63123],[2.45208,41.62605],[2.44806,41.62759],[2.44582,41.63023],[2.44236,41.63092],[2.43634,41.62829],[2.43192,41.63089],[2.42766,41.62982],[2.42165,41.63066],[2.4204,41.62659],[2.41726,41.62713],[2.4103,41.62138],[2.4012,41.61091],[2.40114,41.60896],[2.3941,41.60839],[2.3884,41.60146],[2.38329,41.59899],[2.38042,41.59476],[2.3751,41.59512],[2.36847,41.5854],[2.35589,41.57388],[2.35024,41.57039],[2.34147,41.56101],[2.33751,41.56115],[2.33858,41.55093],[2.33352,41.54455],[2.33474,41.54388],[2.32798,41.54126],[2.32817,41.5393],[2.31605,41.53344],[2.31917,41.53101],[2.32786,41.52858],[2.32946,41.52393],[2.33097,41.52387],[2.32301,41.51664],[2.31667,41.5174],[2.30974,41.51633],[2.30724,41.51336],[2.30167,41.51527],[2.29074,41.51442],[2.28501,41.51535],[2.26923,41.50985],[2.2668,41.50477],[2.26328,41.50397],[2.26309,41.50192],[2.25939,41.49765],[2.25551,41.49597],[2.2544,41.4923],[2.24705,41.48859],[2.24846,41.48466],[2.26998,41.46061],[2.30444,41.47495],[2.30967,41.47416],[2.31239,41.475],[2.30941,41.47443],[2.30852,41.47601],[2.31111,41.47539],[2.31094,41.47629],[2.31415,41.47608],[2.3132,41.4771],[2.31668,41.47769],[2.31633,41.4762],[2.31098,41.47358],[2.31229,41.47359],[2.32937,41.48103],[2.36165,41.48923],[2.3658,41.48814],[2.36528,41.48909],[2.36971,41.49037],[2.37043,41.48893],[2.36473,41.48773],[2.36712,41.48739],[2.37063,41.48875],[2.37056,41.49034],[2.37592,41.49374],[2.39932,41.5041],[2.43958,41.52836],[2.44196,41.52817],[2.44232,41.52949],[2.4447,41.52784],[2.44308,41.52925],[2.44542,41.52947],[2.44439,41.53024],[2.44676,41.53202],[2.44877,41.52984],[2.44554,41.52853],[2.44626,41.52794],[2.44442,41.52613],[2.44929,41.5298],[2.44813,41.53216],[2.45003,41.53429],[2.46789,41.54571],[2.49318,41.55235],[2.50099,41.55621],[2.50362,41.55563],[2.50625,41.55698],[2.50384,41.55598],[2.50254,41.55712],[2.50417,41.55799],[2.50484,41.55734],[2.50578,41.55784],[2.5047,41.55763],[2.5054,41.55878],[2.5059,41.55811],[2.50809,41.55808],[2.5065,41.55932],[2.50856,41.55966],[2.50902,41.55835],[2.50582,41.55542],[2.51429,41.56209],[2.54932,41.57694],[2.55479,41.57758],[2.55611,41.57632],[2.55895,41.57613],[2.55645,41.57748],[2.55969,41.57785],[2.55644,41.57803],[2.55544,41.57936],[2.56285,41.57932],[2.56011,41.57537],[2.55653,41.57447],[2.56058,41.57498],[2.56224,41.57755],[2.57187,41.58229],[2.6257,41.60045],[2.63181,41.60373],[2.63984,41.60492],[2.71104,41.62812],[2.71883,41.6293],[2.73121,41.63667],[2.74619,41.64234],[2.76934,41.64711],[2.77668,41.64987],[2.77711,41.65181],[2.77235,41.65911],[2.76021,41.67262],[2.75785,41.6794],[2.77022,41.68753],[2.77452,41.70029],[2.76586,41.7257],[2.77706,41.73073],[2.77602,41.73495],[2.74421,41.73488],[2.72405,41.7444]]]},"properties":{"OBJECTID":21,"CODICOMAR":"21","NOMCOMAR":"Maresme","CAPCOMAR":"Mataró","CAPCOMIND":"Mataró","AREAC5000":397.9222,"SHAPE_Length":146954.62487756042,"SHAPE_Area":397910810.38515115}},{"type":"Feature","id":22,"geometry":{"type":"MultiPolygon","coordinates":[[[[0.6446,40.57422],[0.64474,40.57436],[0.64415,40.57462],[0.6446,40.57422]]],[[[0.64629,40.57457],[0.64674,40.57475],[0.64613,40.57536],[0.64629,40.57457]]],[[[0.64204,40.57519],[0.64195,40.57551],[0.64169,40.57563],[0.64204,40.57519]]],[[[0.64115,40.57533],[0.64121,40.57553],[0.64085,40.57564],[0.64115,40.57533]]],[[[0.64181,40.57588],[0.64184,40.57618],[0.6414,40.57649],[0.64181,40.57588]]],[[[0.64569,40.57653],[0.64393,40.57656],[0.64581,40.57577],[0.64569,40.57653]]],[[[0.64358,40.57597],[0.6428,40.57692],[0.64252,40.57692],[0.64258,40.57667],[0.64358,40.57597]]],[[[0.64159,40.5765],[0.64285,40.57546],[0.64143,40.57696],[0.64159,40.5765]]],[[[0.64184,40.57692],[0.6421,40.57703],[0.6418,40.57717],[0.64184,40.57692]]],[[[0.64808,40.57715],[0.64873,40.57705],[0.64802,40.57733],[0.64808,40.57715]]],[[[0.61464,40.57667],[0.61493,40.57703],[0.61454,40.57686],[0.61464,40.57667]]],[[[0.64908,40.57757],[0.64925,40.57772],[0.64872,40.57796],[0.64908,40.57757]]],[[[0.61512,40.57736],[0.61627,40.57664],[0.61571,40.57738],[0.61512,40.57736]]],[[[0.61611,40.57758],[0.61643,40.57752],[0.61633,40.5777],[0.61611,40.57758]]],[[[0.64344,40.57641],[0.64325,40.57719],[0.64195,40.57854],[0.64344,40.57641]]],[[[0.64674,40.57827],[0.6469,40.57836],[0.64648,40.57886],[0.64674,40.57827]]],[[[0.64833,40.57888],[0.6488,40.57861],[0.64819,40.57917],[0.64833,40.57888]]],[[[0.64368,40.57883],[0.64358,40.57918],[0.64338,40.57919],[0.64368,40.57883]]],[[[0.64658,40.57834],[0.64579,40.57925],[0.64541,40.57932],[0.64555,40.57862],[0.64658,40.57834]]],[[[0.64844,40.57911],[0.64908,40.57895],[0.64802,40.58016],[0.64844,40.57911]]],[[[0.64884,40.57934],[0.64922,40.57964],[0.64844,40.58026],[0.64884,40.57934]]],[[[0.64919,40.57994],[0.64935,40.58004],[0.64901,40.58028],[0.64919,40.57994]]],[[[0.63779,40.58003],[0.63847,40.57986],[0.63784,40.58015],[0.63779,40.58003]]],[[[0.63851,40.58039],[0.6388,40.58037],[0.63843,40.58064],[0.63851,40.58039]]],[[[0.64274,40.58008],[0.64272,40.58036],[0.64235,40.58078],[0.64274,40.58008]]],[[[0.65552,40.57863],[0.6559,40.57995],[0.65322,40.58137],[0.65412,40.57965],[0.65552,40.57863]]],[[[0.63418,40.57893],[0.63525,40.58134],[0.63345,40.57985],[0.63381,40.57831],[0.63488,40.57739],[0.63582,40.57775],[0.63418,40.57893]]],[[[0.63425,40.58152],[0.63467,40.5812],[0.63479,40.58142],[0.63425,40.58152]]],[[[0.65186,40.58142],[0.65277,40.58152],[0.65143,40.58189],[0.65186,40.58142]]],[[[0.63818,40.58163],[0.63841,40.58172],[0.63807,40.5818],[0.63818,40.58163]]],[[[0.63132,40.58163],[0.63004,40.58055],[0.63178,40.58102],[0.63132,40.58163]]],[[[0.63296,40.58122],[0.63357,40.58179],[0.63291,40.58143],[0.63296,40.58122]]],[[[0.63667,40.58163],[0.63694,40.58182],[0.63677,40.58193],[0.63667,40.58163]]],[[[0.63375,40.58178],[0.63408,40.58169],[0.63374,40.58193],[0.63375,40.58178]]],[[[0.63875,40.58194],[0.63916,40.582],[0.63863,40.58215],[0.63875,40.58194]]],[[[0.65211,40.5822],[0.65221,40.58239],[0.65179,40.58245],[0.65211,40.5822]]],[[[0.63294,40.58212],[0.63214,40.58123],[0.63308,40.58198],[0.63294,40.58212]]],[[[0.6344,40.58167],[0.63437,40.58222],[0.63406,40.58234],[0.6344,40.58167]]],[[[0.64221,40.58167],[0.64184,40.5825],[0.64148,40.58258],[0.64221,40.58167]]],[[[0.63482,40.58187],[0.63574,40.58223],[0.63462,40.58249],[0.63482,40.58187]]],[[[0.64628,40.58274],[0.64491,40.5831],[0.64503,40.58249],[0.64628,40.58274]]],[[[0.64976,40.58333],[0.64956,40.5829],[0.65002,40.58306],[0.64976,40.58333]]],[[[0.65548,40.58211],[0.65347,40.58336],[0.65579,40.58132],[0.65548,40.58211]]],[[[0.64319,40.58293],[0.64281,40.58361],[0.64288,40.58327],[0.64319,40.58293]]],[[[0.64537,40.58357],[0.64452,40.58418],[0.64408,40.58389],[0.64537,40.58357]]],[[[0.64684,40.58408],[0.64605,40.58457],[0.64593,40.5841],[0.64684,40.58408]]],[[[0.64795,40.58338],[0.64813,40.58475],[0.64709,40.58448],[0.64795,40.58338]]],[[[0.65466,40.58378],[0.6498,40.58517],[0.649,40.58435],[0.65466,40.58378]]],[[[0.71654,40.60327],[0.71723,40.60276],[0.71725,40.60299],[0.71654,40.60327]]],[[[0.70726,40.63532],[0.70768,40.63528],[0.70761,40.63561],[0.70726,40.63532]]],[[[0.74026,40.63743],[0.73904,40.63745],[0.74025,40.63738],[0.74026,40.63743]]],[[[0.25274,40.78128],[0.25019,40.78243],[0.23368,40.78008],[0.23505,40.77658],[0.23084,40.77353],[0.22794,40.76741],[0.22379,40.76622],[0.21212,40.76759],[0.20302,40.75912],[0.19568,40.75842],[0.19024,40.75055],[0.18347,40.75433],[0.17546,40.75484],[0.17619,40.75279],[0.1739,40.74894],[0.17573,40.74354],[0.17467,40.74119],[0.16708,40.74521],[0.16377,40.74928],[0.1591,40.75018],[0.16489,40.74306],[0.16388,40.74061],[0.17023,40.7346],[0.17025,40.73274],[0.18173,40.72815],[0.18561,40.72819],[0.19104,40.7311],[0.19765,40.72453],[0.2055,40.72647],[0.21611,40.73228],[0.22638,40.73313],[0.22463,40.72556],[0.22737,40.71495],[0.23498,40.70591],[0.23609,40.70165],[0.24204,40.70018],[0.25153,40.70485],[0.26084,40.70576],[0.27039,40.70296],[0.27677,40.69486],[0.29204,40.68813],[0.29129,40.68383],[0.28323,40.67312],[0.27548,40.67018],[0.26782,40.65851],[0.2692,40.64849],[0.26623,40.64667],[0.26572,40.64472],[0.27014,40.64036],[0.27064,40.63793],[0.27611,40.63661],[0.27877,40.63033],[0.28186,40.62799],[0.29269,40.62323],[0.297,40.6255],[0.29939,40.6249],[0.30119,40.62234],[0.31506,40.61413],[0.31917,40.61472],[0.33683,40.60882],[0.34484,40.60752],[0.35235,40.60807],[0.36403,40.60587],[0.38711,40.60664],[0.39491,40.60308],[0.40194,40.60277],[0.40503,40.59916],[0.4056,40.59479],[0.41516,40.58992],[0.42119,40.58502],[0.42573,40.58367],[0.43198,40.57933],[0.44324,40.5787],[0.44328,40.57742],[0.4377,40.57346],[0.43866,40.57064],[0.4338,40.56596],[0.43672,40.55661],[0.43611,40.54977],[0.4387,40.5464],[0.44599,40.54508],[0.44955,40.54161],[0.45473,40.54095],[0.46197,40.53716],[0.47242,40.53503],[0.48863,40.52904],[0.51471,40.52294],[0.52261,40.54309],[0.53013,40.551],[0.53175,40.55078],[0.53421,40.55193],[0.53176,40.55109],[0.53034,40.55149],[0.53188,40.55304],[0.5324,40.55179],[0.53823,40.56763],[0.54172,40.56953],[0.54306,40.56843],[0.54203,40.57011],[0.54728,40.57301],[0.55133,40.56971],[0.55643,40.57148],[0.55136,40.56994],[0.54982,40.57175],[0.55214,40.57286],[0.54951,40.5721],[0.54786,40.57407],[0.59066,40.61296],[0.59569,40.61396],[0.59886,40.61149],[0.60452,40.60922],[0.59537,40.61457],[0.59657,40.61623],[0.59462,40.6155],[0.5932,40.6163],[0.59725,40.61654],[0.59629,40.61733],[0.59751,40.6167],[0.59645,40.61754],[0.59789,40.61743],[0.59713,40.61808],[0.59853,40.61909],[0.59849,40.61778],[0.60009,40.61782],[0.59805,40.61635],[0.59858,40.61522],[0.59992,40.61759],[0.6018,40.61607],[0.59908,40.61385],[0.60246,40.61623],[0.60246,40.61701],[0.59823,40.61994],[0.60123,40.62041],[0.60034,40.61944],[0.6032,40.6192],[0.60265,40.61769],[0.60491,40.61934],[0.60358,40.61925],[0.60388,40.62066],[0.60212,40.62071],[0.60186,40.62195],[0.60653,40.62277],[0.60708,40.61784],[0.60396,40.61766],[0.60346,40.61551],[0.60852,40.61663],[0.60787,40.62295],[0.60382,40.62259],[0.60183,40.62198],[0.60064,40.62075],[0.60039,40.62162],[0.60481,40.62321],[0.62596,40.62227],[0.64057,40.62394],[0.64379,40.62316],[0.64221,40.62421],[0.64382,40.62442],[0.64411,40.62291],[0.64915,40.62507],[0.65183,40.62423],[0.65433,40.62669],[0.66398,40.62694],[0.6657,40.62544],[0.6641,40.62724],[0.68351,40.63417],[0.68306,40.63622],[0.68537,40.63459],[0.69285,40.63636],[0.69254,40.63944],[0.69456,40.63643],[0.70024,40.63831],[0.70395,40.63754],[0.70359,40.63839],[0.70801,40.63634],[0.71137,40.63788],[0.71391,40.63733],[0.71306,40.63844],[0.7141,40.63897],[0.72148,40.63848],[0.72571,40.63967],[0.73281,40.63839],[0.73281,40.64005],[0.73354,40.6407],[0.73574,40.63787],[0.73817,40.63774],[0.73658,40.63908],[0.73847,40.63829],[0.73821,40.63739],[0.7393,40.6384],[0.74581,40.63659],[0.73846,40.62558],[0.72948,40.61541],[0.72439,40.61081],[0.72329,40.61116],[0.722,40.60923],[0.72305,40.6089],[0.72039,40.60758],[0.72045,40.60623],[0.71566,40.60052],[0.7144,40.60065],[0.71357,40.59933],[0.71469,40.59911],[0.71284,40.59838],[0.71209,40.59585],[0.70879,40.59425],[0.70986,40.59217],[0.70758,40.59061],[0.70638,40.59145],[0.70361,40.5897],[0.69751,40.58891],[0.68403,40.58909],[0.67243,40.59293],[0.66016,40.59144],[0.65625,40.58884],[0.65419,40.58541],[0.65561,40.58505],[0.65712,40.57826],[0.65577,40.57823],[0.65459,40.57888],[0.65455,40.57791],[0.65373,40.57787],[0.65275,40.58028],[0.64993,40.58112],[0.65086,40.57774],[0.64761,40.57606],[0.64589,40.57683],[0.64919,40.57512],[0.64962,40.57287],[0.64889,40.57465],[0.64712,40.57478],[0.64847,40.57378],[0.64845,40.57262],[0.64791,40.57378],[0.64693,40.57343],[0.64546,40.57535],[0.64438,40.57526],[0.64598,40.57383],[0.64275,40.5738],[0.63396,40.57643],[0.6306,40.57836],[0.63121,40.57997],[0.62994,40.58051],[0.62968,40.58188],[0.62125,40.58346],[0.61788,40.58577],[0.61655,40.58545],[0.61819,40.58422],[0.61665,40.58238],[0.61758,40.58093],[0.61526,40.57894],[0.61582,40.57784],[0.61642,40.57869],[0.61847,40.57197],[0.61622,40.57609],[0.61203,40.57598],[0.61136,40.57814],[0.60769,40.5761],[0.60834,40.57734],[0.60591,40.57745],[0.60193,40.57441],[0.59395,40.57977],[0.59252,40.58027],[0.59157,40.57843],[0.59631,40.56573],[0.60505,40.55729],[0.60345,40.5584],[0.60422,40.55765],[0.61547,40.55227],[0.63033,40.55096],[0.65093,40.55431],[0.66412,40.55828],[0.67918,40.56429],[0.69635,40.57629],[0.70464,40.58438],[0.72292,40.6076],[0.74524,40.63112],[0.75364,40.63821],[0.76369,40.64382],[0.83898,40.67555],[0.85495,40.68486],[0.86507,40.69543],[0.87424,40.71748],[0.87334,40.71936],[0.85809,40.71885],[0.84196,40.71538],[0.82966,40.7101],[0.81835,40.70711],[0.80262,40.69694],[0.79339,40.69429],[0.77848,40.69631],[0.76265,40.70303],[0.75345,40.70976],[0.73736,40.7098],[0.70577,40.71461],[0.69312,40.71472],[0.68769,40.71336],[0.68283,40.71505],[0.67421,40.72112],[0.66177,40.71963],[0.6391,40.71366],[0.6181,40.70604],[0.61178,40.70579],[0.59374,40.7088],[0.57993,40.71574],[0.57455,40.72626],[0.56839,40.74679],[0.56541,40.75012],[0.56139,40.75177],[0.55138,40.74605],[0.55167,40.74416],[0.54548,40.74426],[0.53695,40.74813],[0.53359,40.74762],[0.53258,40.74567],[0.52318,40.7455],[0.51988,40.74299],[0.51708,40.74473],[0.50604,40.73829],[0.5032,40.73938],[0.48996,40.73903],[0.47454,40.73686],[0.45593,40.73841],[0.44004,40.73611],[0.43133,40.7382],[0.42114,40.73856],[0.41124,40.74135],[0.39931,40.748],[0.39405,40.75352],[0.38412,40.75776],[0.38316,40.75889],[0.3843,40.76282],[0.34311,40.7577],[0.33056,40.76052],[0.3264,40.75175],[0.32251,40.75174],[0.31171,40.74555],[0.29937,40.75035],[0.29023,40.75167],[0.28815,40.76647],[0.28655,40.76873],[0.27929,40.76658],[0.27664,40.76288],[0.27575,40.76639],[0.27067,40.76763],[0.27017,40.76922],[0.27743,40.77308],[0.27168,40.7803],[0.26349,40.78189],[0.25274,40.78128]]]]},"properties":{"OBJECTID":22,"CODICOMAR":"22","NOMCOMAR":"Montsià","CAPCOMAR":"Amposta","CAPCOMIND":"Amposta","AREAC5000":733.9881,"SHAPE_Length":261813.5576751092,"SHAPE_Area":733917946.7914765}},{"type":"Feature","id":23,"geometry":{"type":"Polygon","coordinates":[[[1.1676,42.11884],[1.16606,42.12305],[1.15742,42.12292],[1.15647,42.1195],[1.15213,42.11593],[1.14822,42.11841],[1.14738,42.11622],[1.13995,42.11903],[1.13706,42.11653],[1.12958,42.10379],[1.12358,42.09774],[1.11973,42.08932],[1.1118,42.08726],[1.10903,42.08514],[1.09956,42.07169],[1.0983,42.06294],[1.09435,42.05812],[1.07869,42.0499],[1.07703,42.04562],[1.08468,42.03674],[1.09035,42.03369],[1.09211,42.02795],[1.08894,42.01923],[1.08959,42.01798],[1.08293,42.00792],[1.07543,42.00589],[1.07297,42.0236],[1.06929,42.03637],[1.05698,42.03441],[1.04521,42.03439],[1.02805,42.03095],[1.02165,42.03392],[1.00936,42.02094],[1.00737,42.02271],[0.99721,42.02085],[0.98793,42.02159],[0.96541,42.01975],[0.95302,42.02117],[0.94937,42.0238],[0.93996,42.0222],[0.92062,42.02205],[0.90066,42.03324],[0.88991,42.03638],[0.88777,42.0406],[0.88839,42.04321],[0.87361,42.03696],[0.86409,42.03576],[0.84958,42.03613],[0.83169,42.04073],[0.80131,42.04094],[0.79889,42.04273],[0.78938,42.04007],[0.77801,42.04119],[0.76341,42.03998],[0.74614,42.04636],[0.7467,42.04914],[0.74222,42.05278],[0.72575,42.05082],[0.72305,42.05235],[0.71271,42.05235],[0.69794,42.05892],[0.6937,42.05908],[0.68739,42.06452],[0.68028,42.07601],[0.67376,42.06815],[0.67346,42.06545],[0.67003,42.06089],[0.66866,42.05476],[0.6691,42.04947],[0.67099,42.04641],[0.66647,42.04146],[0.65923,42.04137],[0.65689,42.0401],[0.65728,42.03101],[0.65192,42.02634],[0.65172,42.02381],[0.65519,42.02226],[0.65476,42.01996],[0.65726,42.01483],[0.65989,42.01387],[0.66405,42.0151],[0.65724,42.00138],[0.64662,41.99626],[0.64527,41.99219],[0.6457,41.98728],[0.64311,41.98288],[0.64186,41.98201],[0.64234,41.98617],[0.63886,41.99474],[0.6342,41.99264],[0.62405,41.99181],[0.61691,41.98698],[0.61813,41.98431],[0.6169,41.98222],[0.6112,41.97799],[0.61191,41.97317],[0.61049,41.96789],[0.60353,41.96554],[0.60558,41.95999],[0.60068,41.96176],[0.59308,41.96871],[0.58701,41.9665],[0.58601,41.9616],[0.57818,41.95757],[0.57724,41.95484],[0.56773,41.94662],[0.56388,41.9396],[0.56142,41.93794],[0.56264,41.93269],[0.5724,41.93134],[0.6017,41.92277],[0.60759,41.91923],[0.60592,41.918],[0.59877,41.91898],[0.59498,41.91763],[0.59576,41.91409],[0.60085,41.9095],[0.60095,41.90711],[0.59505,41.8886],[0.59208,41.8848],[0.60832,41.87836],[0.60768,41.87244],[0.60349,41.86915],[0.59874,41.86926],[0.59406,41.86791],[0.59159,41.86537],[0.58701,41.86571],[0.57989,41.86317],[0.58196,41.85726],[0.57873,41.84829],[0.57799,41.82716],[0.58685,41.8085],[0.59935,41.79238],[0.61116,41.78452],[0.62116,41.76647],[0.6269,41.76173],[0.63387,41.75932],[0.63913,41.75469],[0.6469,41.74633],[0.65979,41.73572],[0.66297,41.72881],[0.67249,41.71809],[0.68488,41.70913],[0.68944,41.7032],[0.69243,41.69561],[0.69381,41.69498],[0.70264,41.70032],[0.70591,41.69559],[0.7086,41.69545],[0.71239,41.70152],[0.71543,41.70297],[0.72629,41.69867],[0.73131,41.70568],[0.74185,41.7122],[0.74597,41.70995],[0.76359,41.68561],[0.77643,41.68817],[0.77424,41.69709],[0.77737,41.69977],[0.78301,41.69948],[0.79507,41.70332],[0.80955,41.70007],[0.81044,41.70887],[0.81302,41.71305],[0.81929,41.712],[0.83887,41.71275],[0.84063,41.71159],[0.84093,41.70823],[0.85687,41.71118],[0.86353,41.72301],[0.86569,41.72431],[0.85273,41.72575],[0.85542,41.73117],[0.86396,41.74097],[0.87418,41.73932],[0.89309,41.74064],[0.89425,41.73778],[0.91338,41.73766],[0.91559,41.71931],[0.92778,41.70644],[0.93501,41.70758],[0.93581,41.70271],[0.94003,41.70119],[0.94747,41.70143],[0.95954,41.70518],[0.97066,41.70365],[0.98244,41.71309],[0.9831,41.73177],[0.97747,41.73133],[0.96747,41.73503],[0.96046,41.73237],[0.95754,41.73897],[0.95402,41.74275],[0.97109,41.7545],[0.98757,41.77432],[0.98624,41.77158],[1.00773,41.77099],[1.01511,41.77654],[1.01974,41.77688],[1.03336,41.76882],[1.04694,41.78206],[1.06068,41.79295],[1.08055,41.82405],[1.07549,41.82304],[1.0995,41.85669],[1.10448,41.85555],[1.10344,41.85293],[1.11558,41.85407],[1.11502,41.85086],[1.12074,41.84894],[1.12464,41.83263],[1.12254,41.8287],[1.11932,41.82717],[1.11678,41.82293],[1.11424,41.82156],[1.10312,41.82774],[1.10124,41.8209],[1.09863,41.8195],[1.09874,41.81149],[1.12328,41.80746],[1.12611,41.8054],[1.13354,41.80444],[1.13738,41.81353],[1.14287,41.81687],[1.14614,41.82091],[1.15112,41.82015],[1.15278,41.81843],[1.151,41.8158],[1.14111,41.80825],[1.13627,41.80116],[1.13619,41.79846],[1.14052,41.79273],[1.14029,41.78572],[1.15205,41.78249],[1.16362,41.78143],[1.18137,41.79611],[1.18646,41.79823],[1.19514,41.80939],[1.20247,41.81508],[1.21176,41.81155],[1.21569,41.81292],[1.218,41.81629],[1.2253,41.8203],[1.22833,41.82574],[1.23554,41.8328],[1.23714,41.83617],[1.23619,41.84149],[1.23935,41.84509],[1.2419,41.8454],[1.24353,41.84891],[1.25262,41.85355],[1.25695,41.85771],[1.25903,41.85637],[1.25814,41.85869],[1.26008,41.86053],[1.26574,41.86189],[1.28262,41.87605],[1.28373,41.87743],[1.28346,41.88206],[1.28943,41.88687],[1.29032,41.89419],[1.29252,41.89791],[1.29044,41.90292],[1.29084,41.90966],[1.29785,41.91739],[1.29759,41.9199],[1.29539,41.92157],[1.30115,41.92622],[1.30233,41.92905],[1.3098,41.93647],[1.31043,41.94114],[1.31355,41.94723],[1.30847,41.95296],[1.29346,41.95548],[1.29138,41.95852],[1.2879,41.95646],[1.2856,41.95851],[1.26001,41.94247],[1.25153,41.93942],[1.24803,41.93988],[1.2527,41.94452],[1.26228,41.97267],[1.26247,41.97486],[1.25798,41.97647],[1.25696,41.98174],[1.25807,41.98914],[1.26007,41.98992],[1.26368,41.99761],[1.26147,42.00294],[1.24996,42.00679],[1.24824,42.00833],[1.24873,42.01178],[1.23653,42.02036],[1.23633,42.02458],[1.2392,42.02779],[1.24099,42.03644],[1.23497,42.04274],[1.23335,42.04642],[1.23976,42.0496],[1.242,42.0529],[1.23672,42.06059],[1.23812,42.06306],[1.23509,42.06353],[1.23681,42.06586],[1.22403,42.06978],[1.21908,42.0688],[1.22339,42.07581],[1.22046,42.07811],[1.22097,42.0796],[1.21449,42.07944],[1.21286,42.07685],[1.21082,42.07656],[1.20275,42.08373],[1.20004,42.09],[1.18574,42.08571],[1.18383,42.08967],[1.18032,42.08493],[1.17165,42.08439],[1.16944,42.08244],[1.16674,42.08234],[1.16754,42.08875],[1.16386,42.09833],[1.16501,42.10071],[1.16209,42.10468],[1.1676,42.11884]],[[1.04411,41.85851],[1.05536,41.85755],[1.05565,41.8533],[1.05677,41.85341],[1.05807,41.84869],[1.06158,41.84899],[1.06507,41.83672],[1.0666,41.83523],[1.05443,41.83704],[1.05115,41.82992],[1.04207,41.82866],[1.03592,41.8257],[1.03232,41.82058],[1.02934,41.81944],[1.02694,41.82018],[1.0253,41.82205],[1.02424,41.82784],[1.02167,41.82836],[1.02441,41.83169],[1.02451,41.83843],[1.02029,41.83939],[1.01975,41.8479],[1.02091,41.85031],[1.0257,41.85183],[1.02903,41.85582],[1.03144,41.85432],[1.03124,41.8521],[1.03315,41.85187],[1.0369,41.85451],[1.0396,41.85416],[1.03971,41.85738],[1.04208,41.8568],[1.04411,41.85851]],[[0.95262,41.74711],[0.96809,41.7565],[0.9758,41.77044],[0.97662,41.77572],[0.97914,41.77549],[0.97554,41.76329],[0.97007,41.7562],[0.95382,41.74523],[0.95262,41.74711]]]},"properties":{"OBJECTID":23,"CODICOMAR":"23","NOMCOMAR":"Noguera","CAPCOMAR":"Balaguer","CAPCOMIND":"Balaguer","AREAC5000":1783.3965,"SHAPE_Length":298437.5694331613,"SHAPE_Area":1783485817.913238}},{"type":"Feature","id":24,"geometry":{"type":"Polygon","coordinates":[[[2.3727,42.1723],[2.37117,42.1761],[2.3612,42.17151],[2.35455,42.17176],[2.3443,42.16856],[2.33997,42.16888],[2.32722,42.16256],[2.3142,42.16254],[2.30502,42.15781],[2.29795,42.16516],[2.2958,42.16569],[2.28992,42.16568],[2.28699,42.16379],[2.2822,42.16529],[2.26489,42.16418],[2.26826,42.16208],[2.27128,42.16314],[2.27699,42.16219],[2.27627,42.15818],[2.28136,42.15983],[2.28195,42.15713],[2.29108,42.15673],[2.28566,42.15237],[2.27755,42.14991],[2.28817,42.14906],[2.29484,42.15164],[2.29643,42.1508],[2.28558,42.14003],[2.27243,42.14042],[2.27283,42.14201],[2.26987,42.14501],[2.26838,42.14294],[2.26029,42.14115],[2.25754,42.13863],[2.24622,42.13919],[2.24257,42.13797],[2.24011,42.14281],[2.23753,42.14375],[2.21449,42.14194],[2.21429,42.1394],[2.20988,42.13959],[2.21086,42.13674],[2.20528,42.13361],[2.21298,42.1289],[2.20896,42.12722],[2.20625,42.13083],[2.20372,42.13146],[2.20176,42.12855],[2.20444,42.12549],[2.20053,42.12397],[2.18873,42.12429],[2.18615,42.12832],[2.18787,42.1313],[2.18648,42.13398],[2.18092,42.13525],[2.1634,42.13498],[2.14357,42.13092],[2.13734,42.12078],[2.12774,42.11491],[2.12585,42.11241],[2.12788,42.1084],[2.13293,42.10524],[2.13004,42.10043],[2.12263,42.09919],[2.11605,42.10182],[2.11241,42.09987],[2.1086,42.08999],[2.10507,42.08545],[2.10813,42.07833],[2.11065,42.07582],[2.12325,42.06849],[2.12475,42.06357],[2.13553,42.05754],[2.13416,42.05409],[2.13584,42.05188],[2.12732,42.05183],[2.12391,42.04926],[2.12632,42.04353],[2.12974,42.04093],[2.12921,42.03735],[2.12396,42.03284],[2.13175,42.0255],[2.14024,42.02635],[2.16507,42.03768],[2.18054,42.04195],[2.18765,42.03309],[2.19877,42.02418],[2.19796,42.02201],[2.20003,42.01826],[2.19724,42.01528],[2.19329,42.01446],[2.19335,42.008],[2.1892,42.0079],[2.18903,42.01116],[2.1876,42.0074],[2.17577,42.00281],[2.16884,42.00615],[2.15536,42.00954],[2.15475,42.01101],[2.14665,42.01046],[2.1417,42.00706],[2.13985,42.0036],[2.13301,42.00051],[2.12436,41.99084],[2.12907,41.98503],[2.12733,41.97858],[2.12829,41.9719],[2.12149,41.96671],[2.13119,41.96444],[2.12849,41.96133],[2.12871,41.9579],[2.13577,41.95519],[2.13648,41.94796],[2.1396,41.94462],[2.12801,41.94268],[2.1229,41.94415],[2.11558,41.93574],[2.11352,41.93079],[2.10684,41.92449],[2.10121,41.92002],[2.09812,41.92136],[2.09038,41.91505],[2.0934,41.91386],[2.09127,41.909],[2.09167,41.90457],[2.10485,41.90333],[2.13207,41.91065],[2.13545,41.91442],[2.13702,41.91332],[2.14395,41.90171],[2.14115,41.89888],[2.1399,41.89189],[2.13304,41.88637],[2.123,41.88563],[2.12403,41.88106],[2.13188,41.87821],[2.13186,41.8741],[2.1285,41.86902],[2.13525,41.86278],[2.13671,41.85887],[2.1397,41.85941],[2.14202,41.85818],[2.14189,41.85582],[2.1462,41.8526],[2.15395,41.85347],[2.15782,41.85645],[2.1797,41.85258],[2.18362,41.85468],[2.18415,41.85782],[2.18631,41.8599],[2.18996,41.84861],[2.18848,41.84412],[2.19197,41.83793],[2.19337,41.83861],[2.19653,41.8361],[2.19177,41.82095],[2.1877,41.81664],[2.18841,41.81354],[2.18727,41.81014],[2.17562,41.79825],[2.18347,41.79361],[2.18601,41.78918],[2.18623,41.78207],[2.18876,41.77528],[2.18847,41.75715],[2.18956,41.75237],[2.18447,41.74267],[2.18951,41.73255],[2.19327,41.73063],[2.21357,41.72688],[2.22364,41.72972],[2.23002,41.72919],[2.23617,41.73207],[2.24058,41.72961],[2.24583,41.73126],[2.25532,41.73077],[2.2559,41.7282],[2.26235,41.73064],[2.26229,41.73523],[2.25479,41.73555],[2.26059,41.74066],[2.26078,41.74427],[2.25832,41.74745],[2.25064,41.74962],[2.24933,41.75815],[2.25177,41.76286],[2.25616,41.76599],[2.26173,41.76508],[2.26614,41.76618],[2.26943,41.77088],[2.27376,41.77153],[2.27857,41.7795],[2.28661,41.7846],[2.29074,41.79256],[2.29874,41.79736],[2.30368,41.79851],[2.31838,41.7923],[2.3209,41.78783],[2.32819,41.78879],[2.32964,41.77868],[2.32847,41.77575],[2.33231,41.77186],[2.33436,41.76365],[2.34893,41.76416],[2.36339,41.76833],[2.36562,41.77014],[2.36519,41.77875],[2.36722,41.78254],[2.36222,41.78988],[2.3642,41.79196],[2.37563,41.79693],[2.38268,41.8088],[2.38727,41.80463],[2.39604,41.80584],[2.40473,41.8017],[2.40989,41.80166],[2.4144,41.80459],[2.41841,41.8045],[2.41732,41.80587],[2.41204,41.80657],[2.41662,41.81085],[2.41217,41.81406],[2.40739,41.82307],[2.41171,41.83039],[2.41806,41.8358],[2.42316,41.83712],[2.42426,41.83947],[2.41854,41.84602],[2.42014,41.84838],[2.41812,41.85068],[2.42133,41.85081],[2.42257,41.85471],[2.43283,41.85311],[2.43826,41.85494],[2.44103,41.86023],[2.44615,41.85981],[2.45375,41.86966],[2.45297,41.87963],[2.44376,41.88548],[2.44316,41.88824],[2.44625,41.89026],[2.44598,41.89442],[2.45668,41.89683],[2.45909,41.8984],[2.45994,41.90206],[2.46814,41.90423],[2.46967,41.90849],[2.47281,41.9104],[2.47487,41.91486],[2.4804,41.9162],[2.47848,41.91912],[2.47968,41.92171],[2.4791,41.93084],[2.47018,41.93914],[2.46406,41.93866],[2.46031,41.94383],[2.45683,41.94334],[2.45528,41.94111],[2.45111,41.94369],[2.44606,41.94385],[2.44491,41.94183],[2.44238,41.94143],[2.44037,41.94342],[2.44021,41.94662],[2.43676,41.94797],[2.43813,41.95142],[2.44211,41.95449],[2.44144,41.95991],[2.43949,41.96315],[2.42905,41.96569],[2.42728,41.96895],[2.43087,41.96904],[2.43344,41.97256],[2.43917,41.97339],[2.44276,41.97161],[2.44134,41.96806],[2.44934,41.96989],[2.45225,41.96589],[2.46165,41.96772],[2.46532,41.96681],[2.47428,41.96952],[2.47169,41.97241],[2.4727,41.97535],[2.48021,41.97873],[2.48005,41.98249],[2.48802,41.98485],[2.46881,41.99374],[2.47666,41.99735],[2.4763,42.0009],[2.4797,42.00028],[2.47964,41.99788],[2.48299,41.99666],[2.48465,41.99931],[2.49905,42.0015],[2.49981,42.00787],[2.50285,42.00893],[2.49511,42.01158],[2.49422,42.02061],[2.50306,42.0235],[2.50609,42.0323],[2.49962,42.03365],[2.49656,42.0371],[2.4928,42.03834],[2.48868,42.04454],[2.48421,42.04684],[2.48128,42.05074],[2.48668,42.05467],[2.49088,42.05559],[2.49362,42.05888],[2.49614,42.05901],[2.49073,42.06827],[2.48656,42.069],[2.48577,42.06613],[2.48422,42.06617],[2.47886,42.0752],[2.47646,42.07621],[2.46688,42.07394],[2.46239,42.07717],[2.4625,42.07455],[2.45821,42.07912],[2.45404,42.07736],[2.45005,42.07748],[2.44907,42.0743],[2.44364,42.07298],[2.43479,42.06798],[2.42729,42.06115],[2.41985,42.06541],[2.41737,42.06506],[2.41461,42.0691],[2.41094,42.06889],[2.40903,42.07049],[2.40549,42.07866],[2.3945,42.08676],[2.39688,42.08761],[2.39412,42.09165],[2.39464,42.0953],[2.40017,42.10276],[2.39475,42.10424],[2.3799,42.10359],[2.37658,42.10546],[2.37628,42.11047],[2.37318,42.11582],[2.38106,42.12368],[2.3743,42.12888],[2.36869,42.12855],[2.35077,42.13767],[2.34878,42.14386],[2.34924,42.14768],[2.35087,42.15049],[2.35732,42.15387],[2.35813,42.15883],[2.36149,42.16069],[2.36549,42.15949],[2.36833,42.16178],[2.37249,42.16143],[2.37526,42.16629],[2.38176,42.16271],[2.38447,42.1635],[2.38599,42.16687],[2.3788,42.17092],[2.37574,42.16951],[2.3727,42.1723]]]},"properties":{"OBJECTID":24,"CODICOMAR":"24","NOMCOMAR":"Osona","CAPCOMAR":"Vic","CAPCOMIND":"Vic","AREAC5000":1028.3652,"SHAPE_Length":235223.6879604282,"SHAPE_Area":1028460357.1474658}},{"type":"Feature","id":25,"geometry":{"type":"MultiPolygon","coordinates":[[[[0.78613,42.37142],[0.77877,42.3754],[0.77103,42.37499],[0.76646,42.36929],[0.76204,42.36684],[0.76262,42.36046],[0.76012,42.35869],[0.76033,42.35708],[0.77096,42.35032],[0.76661,42.34861],[0.77395,42.34593],[0.78563,42.34776],[0.7953,42.34734],[0.7983,42.35245],[0.80442,42.35378],[0.80883,42.35735],[0.79585,42.36558],[0.79612,42.36732],[0.78986,42.3739],[0.7893,42.37197],[0.78613,42.37142]]],[[[0.9802,42.55282],[0.97904,42.55461],[0.9661,42.54953],[0.96436,42.54626],[0.96105,42.54454],[0.96006,42.54106],[0.95462,42.53879],[0.9557,42.53458],[0.95814,42.53218],[0.95704,42.52963],[0.95116,42.52519],[0.94258,42.52309],[0.94385,42.51811],[0.93162,42.51633],[0.92927,42.5149],[0.92792,42.5113],[0.92257,42.5083],[0.91965,42.49737],[0.92427,42.49172],[0.92155,42.48509],[0.89442,42.47979],[0.88862,42.47526],[0.8859,42.46703],[0.88266,42.46482],[0.8799,42.4592],[0.86909,42.4611],[0.86605,42.46022],[0.86241,42.45585],[0.85594,42.45468],[0.87114,42.44601],[0.87038,42.44032],[0.86235,42.4299],[0.85364,42.42504],[0.82907,42.42471],[0.82754,42.41926],[0.8223,42.41553],[0.83431,42.40354],[0.82241,42.3915],[0.83309,42.37981],[0.83638,42.38132],[0.83653,42.37539],[0.83861,42.37359],[0.84236,42.37349],[0.84721,42.3684],[0.86209,42.36705],[0.86807,42.36084],[0.8656,42.35843],[0.86598,42.35677],[0.86777,42.35617],[0.87063,42.35117],[0.87002,42.34772],[0.87282,42.34608],[0.87282,42.3414],[0.87814,42.34147],[0.89169,42.33503],[0.89191,42.33098],[0.88862,42.32702],[0.88834,42.32221],[0.88674,42.31995],[0.88656,42.30509],[0.88274,42.30427],[0.88038,42.30122],[0.87387,42.29875],[0.87034,42.30161],[0.86537,42.30263],[0.86256,42.30553],[0.85713,42.30671],[0.85624,42.30992],[0.84688,42.31437],[0.81591,42.31474],[0.81058,42.31644],[0.79985,42.32039],[0.79153,42.32746],[0.77109,42.33307],[0.77585,42.3409],[0.76786,42.34362],[0.76219,42.34827],[0.75352,42.34601],[0.75313,42.3445],[0.74917,42.34281],[0.74144,42.33583],[0.74106,42.3328],[0.74351,42.32792],[0.75229,42.32591],[0.75793,42.32641],[0.76567,42.32282],[0.76013,42.32046],[0.75892,42.31718],[0.75467,42.31391],[0.75612,42.30935],[0.74439,42.30124],[0.74275,42.28945],[0.74369,42.28565],[0.73785,42.28237],[0.73976,42.27037],[0.73734,42.26546],[0.73434,42.25074],[0.73227,42.24744],[0.72786,42.24615],[0.72564,42.24334],[0.72413,42.23919],[0.72476,42.23664],[0.7208,42.23042],[0.71442,42.22414],[0.71416,42.2217],[0.71714,42.21823],[0.71347,42.21605],[0.71393,42.20964],[0.70798,42.2044],[0.7093,42.19732],[0.70676,42.19115],[0.70187,42.18886],[0.70275,42.18684],[0.70065,42.18175],[0.70087,42.17663],[0.69792,42.17199],[0.7011,42.16918],[0.70888,42.1667],[0.71396,42.16308],[0.70349,42.15799],[0.69564,42.15149],[0.69531,42.13875],[0.69683,42.13477],[0.69669,42.12868],[0.70218,42.12148],[0.70225,42.11673],[0.69891,42.10989],[0.6997,42.10536],[0.69565,42.10158],[0.69628,42.099],[0.68503,42.09242],[0.68028,42.07601],[0.68739,42.06452],[0.6923,42.05983],[0.69794,42.05892],[0.71271,42.05235],[0.72305,42.05235],[0.72575,42.05082],[0.73803,42.05302],[0.74294,42.05258],[0.7467,42.04914],[0.74614,42.04636],[0.76413,42.0399],[0.77801,42.04119],[0.78938,42.04007],[0.79889,42.04273],[0.80131,42.04094],[0.83169,42.04073],[0.84958,42.03613],[0.86409,42.03576],[0.87361,42.03696],[0.88839,42.04321],[0.88777,42.0406],[0.88991,42.03638],[0.90066,42.03324],[0.92062,42.02205],[0.93996,42.0222],[0.94937,42.0238],[0.95302,42.02117],[0.96541,42.01975],[0.98793,42.02159],[0.99721,42.02085],[1.00737,42.02271],[1.00936,42.02094],[1.02165,42.03392],[1.02805,42.03095],[1.04521,42.03439],[1.05698,42.03441],[1.06929,42.03637],[1.07297,42.0236],[1.07543,42.00589],[1.08293,42.00792],[1.08959,42.01798],[1.08894,42.01923],[1.09211,42.02795],[1.09035,42.03369],[1.08468,42.03674],[1.07703,42.04562],[1.07869,42.0499],[1.09435,42.05812],[1.09821,42.06274],[1.09956,42.07169],[1.10134,42.07484],[1.10918,42.0853],[1.1118,42.08726],[1.11973,42.08932],[1.12358,42.09774],[1.13476,42.11088],[1.13772,42.11723],[1.14093,42.11957],[1.14738,42.11622],[1.14822,42.11841],[1.15117,42.11599],[1.15413,42.11679],[1.15647,42.1195],[1.15813,42.12526],[1.15574,42.13562],[1.16153,42.14153],[1.16199,42.14609],[1.16054,42.15082],[1.16774,42.15364],[1.1736,42.15311],[1.17586,42.15743],[1.18184,42.16223],[1.18176,42.16768],[1.18639,42.1714],[1.18653,42.17575],[1.18162,42.18148],[1.17573,42.18259],[1.16745,42.18846],[1.16049,42.19013],[1.16296,42.19616],[1.16841,42.20141],[1.16822,42.21541],[1.16496,42.21912],[1.15671,42.21909],[1.15373,42.22034],[1.15282,42.22385],[1.14237,42.22743],[1.14286,42.22935],[1.13923,42.23589],[1.14021,42.23825],[1.14906,42.24084],[1.15837,42.24649],[1.15738,42.24973],[1.15108,42.25767],[1.14983,42.26176],[1.14783,42.25982],[1.13811,42.26042],[1.12505,42.2659],[1.12283,42.26925],[1.1163,42.27301],[1.11791,42.26828],[1.11167,42.27096],[1.10676,42.27042],[1.09324,42.27406],[1.08584,42.27732],[1.07475,42.27528],[1.0705,42.27685],[1.06489,42.27593],[1.05384,42.28144],[1.03807,42.28119],[1.03799,42.28532],[1.02659,42.28877],[1.02479,42.28494],[1.01033,42.29189],[1.00241,42.29171],[0.99731,42.29335],[0.99404,42.29662],[0.97728,42.29708],[0.97443,42.29822],[0.97457,42.31273],[0.97355,42.31367],[0.96728,42.3116],[0.96398,42.31761],[0.96367,42.32225],[0.95233,42.32784],[0.95375,42.32926],[0.95373,42.33366],[0.95761,42.33893],[0.96641,42.33989],[0.97672,42.33846],[0.98184,42.34476],[0.99186,42.34771],[0.99491,42.35575],[0.99414,42.36248],[0.998,42.36378],[0.99741,42.3703],[0.99996,42.37707],[1.00535,42.3823],[1.00567,42.38967],[1.01985,42.39729],[1.02634,42.40698],[1.02569,42.41183],[1.04367,42.41763],[1.03743,42.42527],[1.03319,42.42369],[1.02865,42.42522],[1.01672,42.43757],[1.01737,42.44553],[1.02165,42.45733],[1.01773,42.46585],[1.01867,42.47836],[1.02331,42.48228],[1.02509,42.48591],[1.02554,42.49157],[1.02341,42.49484],[1.0239,42.49787],[1.02578,42.50073],[1.03071,42.50363],[1.03012,42.50775],[1.0232,42.51373],[1.02311,42.51608],[1.02691,42.52028],[1.02716,42.52448],[1.02199,42.52639],[1.01886,42.53456],[1.01206,42.5397],[1.00657,42.53807],[0.99943,42.53807],[0.99519,42.54204],[0.9901,42.55271],[0.98711,42.55384],[0.9802,42.55282]]]]},"properties":{"OBJECTID":25,"CODICOMAR":"25","NOMCOMAR":"Pallars Jussà","CAPCOMAR":"Tremp","CAPCOMIND":"Tremp","AREAC5000":1343.6606,"SHAPE_Length":245751.27088760055,"SHAPE_Area":1343721872.7597437}},{"type":"Feature","id":26,"geometry":{"type":"Polygon","coordinates":[[[1.08865,42.77805],[1.08289,42.7854],[1.0778,42.78832],[1.07353,42.78267],[1.05926,42.78315],[1.05753,42.78191],[1.05364,42.78263],[1.04465,42.78105],[1.04264,42.78237],[1.04352,42.78523],[1.03723,42.78695],[1.031,42.77617],[1.03111,42.77337],[1.02757,42.76874],[1.02728,42.76631],[1.02973,42.76443],[1.028,42.7594],[1.03265,42.75505],[1.02724,42.74297],[1.03,42.7346],[1.02222,42.72698],[1.02375,42.72304],[1.02238,42.71754],[1.0273,42.71726],[1.02854,42.70999],[1.0124,42.70925],[1.00604,42.71285],[0.99345,42.70073],[0.98173,42.69865],[0.97616,42.69338],[0.97797,42.6896],[0.98622,42.68392],[0.98371,42.67897],[0.98032,42.67669],[0.97108,42.6425],[0.96768,42.63596],[0.96089,42.6308],[0.96202,42.62535],[0.96649,42.62409],[0.96605,42.61956],[0.96938,42.61799],[0.96881,42.60886],[0.96237,42.60369],[0.95414,42.60283],[0.95284,42.594],[0.94292,42.58931],[0.93794,42.58943],[0.93704,42.58826],[0.94158,42.58192],[0.94476,42.58006],[0.95855,42.57958],[0.96927,42.5741],[0.97273,42.55175],[0.97904,42.55461],[0.9802,42.55282],[0.98711,42.55384],[0.9901,42.55271],[0.99698,42.53963],[0.99943,42.53807],[1.00481,42.53791],[1.01206,42.5397],[1.01886,42.53456],[1.02199,42.52639],[1.02716,42.52448],[1.02691,42.52028],[1.02311,42.51608],[1.0232,42.51373],[1.03012,42.50775],[1.03071,42.50363],[1.02578,42.50073],[1.0239,42.49787],[1.02341,42.49484],[1.02554,42.49157],[1.02509,42.48591],[1.02331,42.48228],[1.01867,42.47836],[1.01773,42.46585],[1.02165,42.45733],[1.01737,42.44553],[1.01672,42.43757],[1.02865,42.42522],[1.03319,42.42369],[1.03743,42.42527],[1.04367,42.41776],[1.02569,42.41183],[1.02634,42.40698],[1.01985,42.39729],[1.00567,42.38967],[1.00535,42.3823],[0.99996,42.37707],[0.99741,42.3703],[0.998,42.36378],[0.99414,42.36248],[0.99491,42.35575],[0.99186,42.34771],[0.98184,42.34476],[0.97672,42.33846],[0.96641,42.33989],[0.95761,42.33893],[0.95373,42.33366],[0.95375,42.32926],[0.95233,42.32784],[0.96367,42.32225],[0.96398,42.31761],[0.96728,42.3116],[0.97355,42.31367],[0.97457,42.31273],[0.97443,42.29822],[0.97728,42.29708],[0.99404,42.29662],[0.99731,42.29335],[1.00241,42.29171],[1.01033,42.29189],[1.02479,42.28494],[1.02659,42.28877],[1.03799,42.28532],[1.03807,42.28119],[1.05384,42.28144],[1.06489,42.27593],[1.0705,42.27685],[1.07475,42.27528],[1.08584,42.27732],[1.09324,42.27406],[1.10676,42.27042],[1.11167,42.27096],[1.11791,42.26828],[1.1163,42.27301],[1.12283,42.26925],[1.12505,42.2659],[1.13132,42.26295],[1.13979,42.25999],[1.14783,42.25982],[1.14983,42.26176],[1.15133,42.25905],[1.15347,42.26689],[1.15805,42.27006],[1.15733,42.27846],[1.15385,42.28181],[1.14832,42.28286],[1.14657,42.28546],[1.138,42.29045],[1.12253,42.2956],[1.12892,42.29979],[1.1344,42.30737],[1.14384,42.30625],[1.16538,42.30928],[1.16625,42.31037],[1.16441,42.31193],[1.16394,42.31537],[1.17224,42.32629],[1.17594,42.3278],[1.17191,42.32879],[1.18339,42.3372],[1.18414,42.34254],[1.18833,42.34891],[1.19756,42.35178],[1.20016,42.35123],[1.20936,42.35804],[1.21043,42.3603],[1.23066,42.36894],[1.23634,42.3694],[1.23686,42.37343],[1.24521,42.38473],[1.24496,42.39729],[1.24653,42.40065],[1.2447,42.41537],[1.25288,42.41916],[1.25888,42.41856],[1.26156,42.41982],[1.2582,42.43262],[1.25323,42.4388],[1.25185,42.44283],[1.2562,42.45238],[1.26078,42.44846],[1.26506,42.44823],[1.27035,42.4426],[1.28096,42.44406],[1.28655,42.44773],[1.30768,42.4505],[1.31147,42.44995],[1.317,42.44524],[1.32073,42.44561],[1.32708,42.4548],[1.34029,42.46733],[1.3442,42.47416],[1.34554,42.48127],[1.35674,42.48243],[1.36576,42.49507],[1.36327,42.49854],[1.36322,42.50468],[1.36554,42.51077],[1.363,42.51883],[1.37055,42.51825],[1.3752,42.51392],[1.3843,42.51458],[1.39246,42.52054],[1.39442,42.52642],[1.39978,42.52577],[1.40754,42.52745],[1.41072,42.53395],[1.41364,42.53535],[1.4146,42.54036],[1.41935,42.54475],[1.41895,42.54929],[1.42069,42.54987],[1.42409,42.55694],[1.4395,42.56363],[1.44448,42.56862],[1.44341,42.57192],[1.43214,42.57535],[1.42648,42.5828],[1.42735,42.58667],[1.44006,42.59426],[1.44307,42.60258],[1.44222,42.60373],[1.43693,42.60353],[1.4296,42.61195],[1.42979,42.61771],[1.42787,42.62023],[1.42063,42.62479],[1.41632,42.63597],[1.41699,42.64197],[1.41384,42.64631],[1.41376,42.65524],[1.4059,42.65672],[1.40322,42.6589],[1.40007,42.66543],[1.3964,42.66828],[1.38747,42.66862],[1.38861,42.67252],[1.38701,42.67803],[1.38992,42.68521],[1.38918,42.68708],[1.37724,42.69464],[1.36501,42.69474],[1.36175,42.69748],[1.35265,42.70082],[1.35106,42.70365],[1.35242,42.71114],[1.35781,42.71521],[1.35732,42.71946],[1.33969,42.71895],[1.33705,42.71966],[1.33499,42.72435],[1.33232,42.72476],[1.32473,42.72381],[1.31839,42.72018],[1.3109,42.71818],[1.29439,42.71935],[1.2782,42.71409],[1.27479,42.71874],[1.26885,42.71827],[1.26566,42.71552],[1.25312,42.71447],[1.25095,42.71908],[1.24731,42.72252],[1.23577,42.7249],[1.23272,42.72739],[1.22924,42.72782],[1.21711,42.7205],[1.20622,42.72047],[1.2017,42.7178],[1.19148,42.71726],[1.1789,42.71319],[1.17597,42.70913],[1.17047,42.70793],[1.15341,42.71629],[1.14855,42.72142],[1.13339,42.72808],[1.13283,42.73159],[1.13506,42.73592],[1.13038,42.7407],[1.13021,42.74432],[1.13281,42.75035],[1.12831,42.75537],[1.11916,42.76349],[1.10942,42.76581],[1.10837,42.77194],[1.09486,42.77467],[1.08865,42.77805]]]},"properties":{"OBJECTID":26,"CODICOMAR":"26","NOMCOMAR":"Pallars Sobirà","CAPCOMAR":"Sort","CAPCOMIND":"Sort","AREAC5000":1378.2384,"SHAPE_Length":212447.6984165413,"SHAPE_Area":1378263337.1861463}},{"type":"Feature","id":27,"geometry":{"type":"MultiPolygon","coordinates":[[[[1.10014,41.70273],[1.0991,41.70522],[1.08249,41.70052],[1.07866,41.7021],[1.05522,41.68279],[1.05829,41.68122],[1.07736,41.68679],[1.10014,41.70273]]],[[[0.87276,41.73975],[0.86369,41.74085],[0.85452,41.72966],[0.85295,41.72557],[0.86569,41.72431],[0.86353,41.72301],[0.85687,41.71118],[0.84093,41.70823],[0.84063,41.71159],[0.83887,41.71275],[0.81929,41.712],[0.81302,41.71305],[0.81044,41.70887],[0.80955,41.70007],[0.79507,41.70332],[0.78301,41.69948],[0.777,41.69964],[0.77424,41.69709],[0.77643,41.68817],[0.76366,41.68562],[0.76599,41.6795],[0.76424,41.66522],[0.75217,41.66218],[0.73745,41.66166],[0.7363,41.64835],[0.73245,41.646],[0.72906,41.64119],[0.72943,41.63353],[0.73204,41.63159],[0.73692,41.63217],[0.74872,41.62919],[0.75157,41.61934],[0.75516,41.6131],[0.75463,41.60838],[0.7561,41.6033],[0.75781,41.59917],[0.76009,41.5975],[0.75956,41.59106],[0.76139,41.58781],[0.7446,41.58851],[0.74155,41.58268],[0.73874,41.58363],[0.73521,41.57867],[0.73236,41.56676],[0.74056,41.56562],[0.74325,41.56347],[0.74372,41.56119],[0.76473,41.55703],[0.76478,41.55066],[0.7757,41.5493],[0.77754,41.5502],[0.7785,41.55773],[0.77566,41.56266],[0.77925,41.56736],[0.78897,41.56311],[0.79133,41.5682],[0.7971,41.57057],[0.80676,41.57162],[0.80969,41.57028],[0.82364,41.57017],[0.82873,41.56544],[0.82888,41.56896],[0.83148,41.57051],[0.83615,41.56863],[0.83383,41.56632],[0.83812,41.56455],[0.85281,41.57168],[0.85105,41.57436],[0.85826,41.57385],[0.87769,41.58586],[0.88232,41.58383],[0.88352,41.57924],[0.88885,41.57436],[0.89832,41.58061],[0.91699,41.58881],[0.93845,41.58405],[0.9526,41.58424],[0.9644,41.57936],[0.97581,41.59154],[0.97422,41.59695],[0.97822,41.5995],[0.97554,41.60147],[0.97266,41.60683],[0.97696,41.6123],[0.96982,41.61488],[0.97376,41.62004],[0.96752,41.62324],[0.96923,41.62952],[0.97411,41.62978],[0.9763,41.63534],[0.98283,41.63541],[0.98491,41.63704],[0.98647,41.6404],[0.98458,41.64135],[0.99073,41.65067],[1.001,41.65109],[1.0066,41.66869],[0.99997,41.67095],[1.00335,41.67615],[1.00625,41.67805],[1.01662,41.6763],[1.02573,41.67039],[1.02728,41.67243],[1.02719,41.67404],[1.02499,41.67489],[1.02618,41.67694],[1.02988,41.67984],[1.0371,41.67893],[1.04163,41.68747],[1.01976,41.69593],[1.01462,41.6945],[1.00966,41.68853],[0.99768,41.69119],[1.02816,41.71112],[1.02641,41.71176],[1.02274,41.7125],[1.01577,41.70581],[1.00147,41.70078],[0.9984,41.69813],[0.99149,41.6993],[0.98844,41.70223],[0.97421,41.70635],[0.97066,41.70365],[0.95954,41.70518],[0.94747,41.70143],[0.94003,41.70119],[0.93581,41.70271],[0.93501,41.70758],[0.92778,41.70644],[0.91559,41.71931],[0.91338,41.73766],[0.89425,41.73778],[0.89309,41.74064],[0.87276,41.73975]],[[0.76714,41.58732],[0.77334,41.59685],[0.78023,41.60338],[0.78258,41.60926],[0.81675,41.61456],[0.80725,41.60196],[0.80384,41.59015],[0.79621,41.58915],[0.77924,41.57984],[0.77075,41.58706],[0.76714,41.58732]]]]},"properties":{"OBJECTID":27,"CODICOMAR":"27","NOMCOMAR":"Pla d'Urgell","CAPCOMAR":"Mollerussa","CAPCOMIND":"Mollerussa","AREAC5000":305.4285,"SHAPE_Length":130361.46048317837,"SHAPE_Area":305415847.90304285}},{"type":"Feature","id":28,"geometry":{"type":"Polygon","coordinates":[[[2.79856,42.19867],[2.78622,42.19878],[2.78276,42.20135],[2.78484,42.20506],[2.77918,42.21231],[2.76646,42.20323],[2.76717,42.19562],[2.77078,42.18967],[2.76486,42.18692],[2.74088,42.18093],[2.73518,42.18169],[2.72402,42.18648],[2.71065,42.17493],[2.69349,42.17367],[2.68417,42.17083],[2.67553,42.17154],[2.68449,42.17426],[2.68224,42.17631],[2.67352,42.17509],[2.66675,42.17636],[2.66722,42.1722],[2.66529,42.1676],[2.6686,42.15885],[2.65822,42.15556],[2.65706,42.14336],[2.66053,42.14185],[2.65987,42.1395],[2.65422,42.13611],[2.66411,42.1321],[2.6659,42.1236],[2.65742,42.1185],[2.65759,42.11211],[2.65445,42.11105],[2.65256,42.10329],[2.646,42.09661],[2.64546,42.09393],[2.63806,42.08998],[2.63634,42.08757],[2.64275,42.0876],[2.64984,42.08478],[2.66408,42.08632],[2.67861,42.08455],[2.68091,42.08264],[2.68599,42.08481],[2.69161,42.09288],[2.71633,42.09208],[2.72429,42.08652],[2.73213,42.08602],[2.72925,42.07931],[2.75811,42.07162],[2.76769,42.05862],[2.7667,42.05695],[2.77894,42.05746],[2.78146,42.054],[2.77784,42.04992],[2.77988,42.04426],[2.78501,42.04094],[2.78714,42.03737],[2.79065,42.03716],[2.79936,42.03167],[2.8021,42.03168],[2.80164,42.03619],[2.80399,42.0398],[2.81176,42.03706],[2.83636,42.04066],[2.83174,42.05064],[2.8333,42.05223],[2.83012,42.05489],[2.84197,42.05406],[2.84724,42.05562],[2.84613,42.05895],[2.84808,42.06032],[2.84739,42.06308],[2.85349,42.06749],[2.8587,42.06915],[2.85692,42.07822],[2.85834,42.07845],[2.86026,42.07496],[2.8639,42.07569],[2.86441,42.07366],[2.86857,42.07439],[2.87267,42.06654],[2.87415,42.06618],[2.88165,42.07176],[2.88411,42.07065],[2.88246,42.06857],[2.88285,42.06615],[2.88769,42.06836],[2.88859,42.07132],[2.89327,42.07093],[2.89449,42.07371],[2.89405,42.0827],[2.89528,42.08741],[2.89652,42.08751],[2.89369,42.09349],[2.9031,42.10519],[2.90428,42.11062],[2.8985,42.12102],[2.89888,42.13133],[2.90104,42.13426],[2.90118,42.13876],[2.89388,42.14834],[2.88846,42.14995],[2.88835,42.15404],[2.89156,42.15506],[2.89842,42.16222],[2.89431,42.17174],[2.89377,42.17693],[2.88384,42.18248],[2.87611,42.1835],[2.87901,42.19442],[2.86987,42.19695],[2.8681,42.19948],[2.86454,42.20108],[2.86186,42.19908],[2.8592,42.19031],[2.84915,42.1803],[2.84143,42.1812],[2.8333,42.17919],[2.82788,42.18302],[2.83349,42.18932],[2.83408,42.19829],[2.83283,42.20052],[2.83493,42.20197],[2.83337,42.20222],[2.831,42.19922],[2.82834,42.19991],[2.82842,42.20161],[2.82539,42.20209],[2.81987,42.19894],[2.81241,42.1995],[2.8064,42.20208],[2.79856,42.19867]]]},"properties":{"OBJECTID":28,"CODICOMAR":"28","NOMCOMAR":"Pla de l'Estany","CAPCOMAR":"Banyoles","CAPCOMIND":"Banyoles","AREAC5000":263.3198,"SHAPE_Length":93805.10672895663,"SHAPE_Area":263321239.61917895}},{"type":"Feature","id":29,"geometry":{"type":"Polygon","coordinates":[[[0.8547,41.34845],[0.84716,41.35473],[0.845,41.3623],[0.84006,41.36181],[0.82913,41.35725],[0.83027,41.35311],[0.82694,41.35067],[0.82616,41.34126],[0.82238,41.33676],[0.81893,41.32836],[0.81443,41.32682],[0.81127,41.32888],[0.80239,41.33041],[0.79494,41.32892],[0.79072,41.33192],[0.77801,41.33242],[0.77391,41.33448],[0.76236,41.33447],[0.75409,41.32894],[0.7541,41.32747],[0.75051,41.32454],[0.75269,41.31546],[0.75023,41.31161],[0.743,41.31114],[0.73923,41.3086],[0.73035,41.30952],[0.72271,41.30743],[0.71857,41.30327],[0.71367,41.30249],[0.71276,41.29629],[0.70954,41.29448],[0.70838,41.28952],[0.70282,41.28377],[0.69592,41.28166],[0.69739,41.27574],[0.69977,41.27306],[0.70123,41.26025],[0.69424,41.25686],[0.69247,41.24866],[0.68512,41.24523],[0.68665,41.2395],[0.68596,41.23679],[0.68866,41.23423],[0.68583,41.22975],[0.687,41.22446],[0.69605,41.22138],[0.70007,41.21759],[0.70477,41.2161],[0.7011,41.21164],[0.68649,41.20029],[0.68222,41.2008],[0.67941,41.19937],[0.66972,41.19086],[0.65973,41.1884],[0.65857,41.18548],[0.67746,41.17144],[0.67665,41.16371],[0.68342,41.15358],[0.68873,41.15069],[0.6975,41.1379],[0.69747,41.13423],[0.69327,41.13404],[0.69243,41.13179],[0.69965,41.12689],[0.70001,41.12447],[0.70312,41.1247],[0.7086,41.11934],[0.71157,41.11834],[0.71282,41.117],[0.71104,41.11533],[0.71726,41.10937],[0.71238,41.10521],[0.72055,41.10289],[0.73295,41.1027],[0.73573,41.09899],[0.74868,41.09136],[0.75134,41.08612],[0.75678,41.0846],[0.76043,41.08449],[0.7639,41.08717],[0.76506,41.09344],[0.76677,41.09432],[0.76751,41.09135],[0.77039,41.08841],[0.77047,41.08378],[0.78684,41.07852],[0.7922,41.07121],[0.80278,41.06941],[0.80296,41.06746],[0.80505,41.06681],[0.81437,41.06703],[0.81674,41.07247],[0.81915,41.07116],[0.82034,41.07433],[0.82367,41.07694],[0.82267,41.08346],[0.82364,41.08642],[0.82049,41.08618],[0.81963,41.08817],[0.82623,41.09781],[0.8341,41.0971],[0.8429,41.09982],[0.83865,41.10625],[0.83655,41.11383],[0.83386,41.11547],[0.83053,41.11435],[0.8299,41.11696],[0.8266,41.11972],[0.83234,41.12227],[0.83813,41.11795],[0.85131,41.11287],[0.8533,41.1103],[0.87224,41.11206],[0.87771,41.1107],[0.88497,41.11747],[0.88985,41.13253],[0.88889,41.13638],[0.90597,41.16484],[0.9057,41.16701],[0.90188,41.17037],[0.90165,41.17455],[0.90676,41.17922],[0.90342,41.18054],[0.89062,41.18036],[0.88533,41.18249],[0.8794,41.18288],[0.87726,41.18808],[0.88031,41.19445],[0.90661,41.19444],[0.91579,41.19717],[0.91826,41.20053],[0.92259,41.20291],[0.92107,41.2133],[0.91341,41.22542],[0.90977,41.23786],[0.92449,41.24261],[0.93458,41.24243],[0.94279,41.24472],[0.95682,41.25454],[0.96773,41.25935],[0.97096,41.26284],[0.9747,41.25955],[0.97581,41.26199],[0.97609,41.26441],[0.97137,41.26827],[0.97136,41.27142],[0.96916,41.27551],[0.97145,41.29042],[0.97374,41.29261],[0.9731,41.29454],[0.96028,41.29947],[0.94491,41.28975],[0.93948,41.29658],[0.94375,41.30477],[0.93547,41.32045],[0.90636,41.32774],[0.90637,41.333],[0.90928,41.33816],[0.90863,41.34344],[0.90493,41.34757],[0.88581,41.34187],[0.86327,41.33811],[0.8547,41.34845]]]},"properties":{"OBJECTID":29,"CODICOMAR":"29","NOMCOMAR":"Priorat","CAPCOMAR":"Falset","CAPCOMIND":"Falset","AREAC5000":498.0762,"SHAPE_Length":122921.62820770149,"SHAPE_Area":498065337.4181264}},{"type":"Feature","id":30,"geometry":{"type":"Polygon","coordinates":[[[0.50314,41.28978],[0.5016,41.29491],[0.49854,41.29713],[0.49706,41.30296],[0.49032,41.30659],[0.48953,41.3106],[0.48099,41.31743],[0.48023,41.32341],[0.47169,41.32757],[0.46862,41.33104],[0.46162,41.33507],[0.45579,41.32978],[0.45125,41.32962],[0.44132,41.32556],[0.43462,41.3203],[0.43225,41.31166],[0.43592,41.29723],[0.43342,41.28773],[0.43253,41.27594],[0.42349,41.2743],[0.38569,41.27855],[0.37988,41.27101],[0.37691,41.26121],[0.37782,41.25262],[0.37362,41.24834],[0.37384,41.24543],[0.37793,41.2419],[0.37875,41.2376],[0.38167,41.23733],[0.38183,41.23517],[0.3742,41.23279],[0.37158,41.22958],[0.37116,41.22796],[0.37325,41.22507],[0.37179,41.21722],[0.36761,41.213],[0.36641,41.20842],[0.36702,41.20681],[0.37784,41.21176],[0.39019,41.21291],[0.38867,41.21346],[0.40222,41.21636],[0.40321,41.21858],[0.41352,41.22029],[0.4216,41.22548],[0.43051,41.22863],[0.44501,41.22197],[0.45728,41.2137],[0.45849,41.21221],[0.45639,41.20862],[0.45936,41.20476],[0.46949,41.20317],[0.47951,41.20349],[0.48422,41.20114],[0.48648,41.19804],[0.49502,41.19678],[0.49736,41.1859],[0.50249,41.1734],[0.49772,41.16825],[0.50121,41.16326],[0.49989,41.15921],[0.50124,41.15689],[0.49546,41.15516],[0.49327,41.14867],[0.48788,41.145],[0.48823,41.14203],[0.49407,41.13667],[0.51499,41.1338],[0.52403,41.13009],[0.52783,41.12526],[0.53571,41.12377],[0.5424,41.12052],[0.55151,41.11954],[0.55354,41.11747],[0.54819,41.11],[0.54227,41.10624],[0.53625,41.09766],[0.53547,41.09335],[0.52102,41.07916],[0.52058,41.07552],[0.51781,41.07299],[0.50376,41.06772],[0.49981,41.06323],[0.50226,41.05991],[0.52708,41.06278],[0.52801,41.0555],[0.53748,41.05138],[0.54448,41.05072],[0.54765,41.0464],[0.54689,41.04172],[0.54813,41.0374],[0.55116,41.03512],[0.55761,41.03477],[0.55653,41.03115],[0.55853,41.0278],[0.56721,41.0248],[0.56787,41.0201],[0.57032,41.01939],[0.57015,41.01838],[0.55913,41.01486],[0.56357,41.00712],[0.57346,41.00036],[0.56895,40.99853],[0.57628,40.99567],[0.57279,40.99169],[0.56551,40.98936],[0.56615,40.98551],[0.56506,40.98472],[0.57345,40.98014],[0.57485,40.97688],[0.58366,40.97549],[0.57918,40.96741],[0.58409,40.96303],[0.58281,40.96186],[0.58307,40.95794],[0.58849,40.95615],[0.59295,40.95056],[0.58877,40.94646],[0.58719,40.94076],[0.59954,40.94037],[0.60095,40.9353],[0.61143,40.93029],[0.61581,40.93236],[0.64897,40.93997],[0.65505,40.94356],[0.66286,40.94488],[0.66663,40.94365],[0.6714,40.94567],[0.67925,40.94485],[0.68278,40.94062],[0.69116,40.94348],[0.69863,40.94417],[0.73951,40.939],[0.75022,40.93239],[0.76123,40.93321],[0.78947,40.93875],[0.81561,40.94022],[0.82079,40.94231],[0.81015,40.94747],[0.80343,40.95298],[0.79808,40.96643],[0.79868,40.96859],[0.79266,40.97262],[0.78622,40.98191],[0.78175,40.99157],[0.77986,40.99228],[0.77591,40.99067],[0.77467,40.99715],[0.77839,41.00021],[0.77839,41.00601],[0.78223,41.01113],[0.7843,41.01701],[0.78226,41.02237],[0.78596,41.02506],[0.7805,41.02907],[0.79818,41.04156],[0.80596,41.05472],[0.81077,41.05701],[0.81511,41.0621],[0.81823,41.06207],[0.82509,41.05708],[0.83546,41.05263],[0.8525,41.05644],[0.85343,41.05898],[0.85748,41.06164],[0.85724,41.06578],[0.85428,41.07114],[0.85622,41.07365],[0.85224,41.07772],[0.85748,41.08139],[0.85847,41.08424],[0.8636,41.08663],[0.86513,41.08452],[0.8693,41.0847],[0.86896,41.08172],[0.86622,41.07873],[0.8679,41.07606],[0.8674,41.07339],[0.87025,41.07347],[0.87244,41.0761],[0.87062,41.07869],[0.87318,41.08383],[0.8614,41.09343],[0.85033,41.09437],[0.8429,41.09982],[0.8341,41.0971],[0.82623,41.09781],[0.81963,41.08817],[0.82049,41.08618],[0.82364,41.08642],[0.82267,41.08346],[0.82367,41.07694],[0.82034,41.07433],[0.81915,41.07116],[0.81674,41.07247],[0.81437,41.06703],[0.80505,41.06681],[0.80296,41.06746],[0.80278,41.06941],[0.7922,41.07121],[0.78684,41.07852],[0.77047,41.08378],[0.77039,41.08841],[0.76751,41.09135],[0.76677,41.09432],[0.76506,41.09344],[0.76406,41.08737],[0.76043,41.08449],[0.75134,41.08612],[0.74868,41.09136],[0.73573,41.09899],[0.73295,41.1027],[0.72055,41.10289],[0.71238,41.10521],[0.71726,41.10937],[0.71104,41.11533],[0.71282,41.117],[0.71157,41.11834],[0.7086,41.11934],[0.70312,41.1247],[0.70001,41.12447],[0.69965,41.12689],[0.69243,41.13179],[0.69327,41.13404],[0.69747,41.13423],[0.6975,41.1379],[0.68873,41.15069],[0.68342,41.15358],[0.67665,41.16371],[0.67746,41.17144],[0.65857,41.18548],[0.65973,41.1884],[0.66972,41.19086],[0.67941,41.19937],[0.68222,41.2008],[0.68649,41.20029],[0.7011,41.21164],[0.70477,41.2161],[0.70007,41.21759],[0.69605,41.22138],[0.687,41.22446],[0.68583,41.22975],[0.68866,41.23423],[0.68596,41.23679],[0.68665,41.2395],[0.68517,41.24539],[0.69247,41.24866],[0.69424,41.25686],[0.70123,41.26025],[0.69977,41.27306],[0.69739,41.27574],[0.69592,41.28166],[0.70282,41.28377],[0.70838,41.28952],[0.70954,41.29448],[0.71276,41.29629],[0.71384,41.30261],[0.71857,41.30327],[0.72271,41.30743],[0.73035,41.30952],[0.73923,41.3086],[0.743,41.31114],[0.75023,41.31161],[0.75269,41.31546],[0.75141,41.31816],[0.747,41.31704],[0.73989,41.31779],[0.72229,41.3138],[0.71274,41.31461],[0.69791,41.31219],[0.6959,41.31364],[0.6905,41.31261],[0.68132,41.30817],[0.67753,41.3099],[0.67073,41.30972],[0.66242,41.30577],[0.65727,41.30153],[0.63627,41.29748],[0.62819,41.29086],[0.62408,41.29225],[0.61947,41.291],[0.60428,41.29215],[0.60139,41.29412],[0.59706,41.29345],[0.58244,41.31087],[0.58085,41.31989],[0.57419,41.31814],[0.55448,41.32659],[0.54549,41.32275],[0.5431,41.31216],[0.53519,41.30238],[0.53021,41.30017],[0.52621,41.2902],[0.51873,41.29169],[0.5152,41.29067],[0.5091,41.29141],[0.50314,41.28978]]]},"properties":{"OBJECTID":30,"CODICOMAR":"30","NOMCOMAR":"Ribera d'Ebre","CAPCOMAR":"Móra d'Ebre","CAPCOMIND":"Móra d'Ebre","AREAC5000":827.6093,"SHAPE_Length":219545.97555695512,"SHAPE_Area":827610643.5328242}},{"type":"Feature","id":31,"geometry":{"type":"MultiPolygon","coordinates":[[[[2.03119,42.12596],[2.02512,42.13043],[2.02096,42.13104],[2.02081,42.12704],[2.00238,42.12534],[2.0056,42.12108],[2.00129,42.11983],[2.00661,42.11467],[2.00762,42.10648],[2.01657,42.10908],[2.02165,42.11896],[2.0191,42.12097],[2.02948,42.12108],[2.03119,42.12596]]],[[[2.26737,42.4337],[2.25995,42.43775],[2.25581,42.43833],[2.25216,42.43665],[2.24641,42.42892],[2.24068,42.42866],[2.23449,42.42614],[2.22434,42.42592],[2.20145,42.41644],[2.19438,42.41841],[2.18963,42.41742],[2.17914,42.41923],[2.16931,42.42354],[2.14887,42.42094],[2.14365,42.41702],[2.13208,42.41415],[2.12557,42.4098],[2.12277,42.40486],[2.12144,42.39718],[2.11484,42.39449],[2.11469,42.38865],[2.1165,42.38324],[2.09037,42.374],[2.08709,42.36956],[2.08691,42.36397],[2.08486,42.36193],[2.08051,42.36472],[2.0724,42.36488],[2.07041,42.3628],[2.05982,42.35828],[2.03416,42.35783],[2.0278,42.35538],[2.02336,42.3556],[2.01607,42.34709],[2.00682,42.34306],[2.00189,42.34177],[1.98791,42.34354],[1.99057,42.34176],[1.99137,42.33632],[1.98834,42.33255],[1.98022,42.33094],[1.97002,42.3309],[1.96526,42.33268],[1.9612,42.33188],[1.95893,42.32838],[1.96001,42.32479],[1.95535,42.3121],[1.96939,42.30325],[1.98358,42.29802],[1.98445,42.29999],[1.99132,42.30105],[2.00717,42.3074],[2.0134,42.30761],[2.01872,42.31033],[2.02645,42.30674],[2.03469,42.30573],[2.04947,42.29662],[2.06154,42.29373],[2.06285,42.29167],[2.06692,42.28988],[2.06932,42.29099],[2.07031,42.28901],[2.06764,42.28379],[2.05536,42.28014],[2.05175,42.27437],[2.04932,42.27432],[2.04398,42.27095],[2.04015,42.26002],[2.03519,42.25839],[2.029,42.25357],[2.02968,42.24479],[2.02523,42.23917],[2.0248,42.23262],[2.02124,42.23128],[2.01753,42.23226],[2.01944,42.22816],[2.02348,42.22607],[2.03006,42.21563],[2.03942,42.22077],[2.04805,42.22118],[2.05311,42.21945],[2.05026,42.21471],[2.05027,42.20766],[2.05319,42.2006],[2.05219,42.19542],[2.06065,42.19487],[2.06342,42.19152],[2.06165,42.18872],[2.06152,42.17959],[2.0579,42.17551],[2.0461,42.17567],[2.03753,42.17856],[2.03149,42.17636],[2.03097,42.17101],[2.0234,42.16481],[2.00466,42.16246],[2.00401,42.16646],[1.9959,42.17201],[2.00084,42.1758],[2.00533,42.18271],[2.00025,42.18605],[1.99767,42.19134],[1.99902,42.19259],[2.00773,42.19364],[1.98778,42.19435],[1.97599,42.19832],[1.97074,42.1971],[1.96465,42.19883],[1.964,42.18716],[1.96554,42.17874],[1.97039,42.178],[1.97071,42.1801],[1.97828,42.18187],[1.98476,42.18037],[1.99183,42.18213],[1.99158,42.1784],[1.98934,42.17639],[1.99215,42.17263],[1.99046,42.17139],[1.9989,42.15997],[2.00497,42.15493],[2.00417,42.14971],[2.01864,42.15048],[2.02765,42.15282],[2.03327,42.1504],[2.03736,42.14277],[2.04454,42.14386],[2.05132,42.14309],[2.05349,42.13823],[2.06115,42.13516],[2.06486,42.13853],[2.07045,42.13907],[2.07058,42.14173],[2.08636,42.14155],[2.09031,42.14244],[2.09225,42.1444],[2.09539,42.14012],[2.10133,42.13984],[2.09784,42.13051],[2.10065,42.12918],[2.09992,42.12506],[2.11316,42.11691],[2.12071,42.11596],[2.12585,42.11241],[2.12774,42.11491],[2.13734,42.12078],[2.14357,42.13092],[2.1634,42.13498],[2.18092,42.13525],[2.18648,42.13398],[2.18787,42.1313],[2.18615,42.12832],[2.18873,42.12429],[2.20053,42.12397],[2.20444,42.12549],[2.20176,42.12855],[2.20372,42.13146],[2.20625,42.13083],[2.20896,42.12722],[2.21298,42.1289],[2.20528,42.13361],[2.21086,42.13674],[2.20988,42.13959],[2.21429,42.1394],[2.21449,42.14194],[2.23753,42.14375],[2.24011,42.14281],[2.24257,42.13797],[2.24622,42.13919],[2.25754,42.13863],[2.26029,42.14115],[2.26838,42.14294],[2.26987,42.14501],[2.27283,42.14201],[2.27243,42.14042],[2.28558,42.14003],[2.29643,42.1508],[2.29484,42.15164],[2.28817,42.14906],[2.27755,42.14991],[2.28566,42.15237],[2.29108,42.15673],[2.28195,42.15713],[2.28136,42.15983],[2.27627,42.15818],[2.27699,42.16219],[2.27128,42.16314],[2.26826,42.16208],[2.26489,42.16418],[2.2822,42.16529],[2.28699,42.16379],[2.28992,42.16568],[2.2958,42.16569],[2.29795,42.16516],[2.30502,42.15781],[2.3142,42.16254],[2.32722,42.16256],[2.34038,42.169],[2.3443,42.16856],[2.35455,42.17176],[2.3612,42.17151],[2.35816,42.17846],[2.36026,42.18833],[2.35574,42.19336],[2.34919,42.19439],[2.34739,42.20166],[2.34591,42.20288],[2.33353,42.20822],[2.33269,42.21066],[2.35277,42.21303],[2.36232,42.2156],[2.36926,42.21537],[2.37621,42.22441],[2.3765,42.2269],[2.37478,42.22961],[2.36228,42.22806],[2.35807,42.22627],[2.3482,42.2282],[2.34476,42.23177],[2.34346,42.23962],[2.35121,42.24474],[2.36032,42.24561],[2.36438,42.24848],[2.36938,42.24825],[2.37278,42.25143],[2.38516,42.25439],[2.38529,42.25561],[2.382,42.25632],[2.37903,42.25957],[2.3783,42.26253],[2.37566,42.26505],[2.3885,42.272],[2.39919,42.27173],[2.40616,42.27432],[2.40626,42.28171],[2.40973,42.2841],[2.41609,42.28651],[2.42754,42.28434],[2.43086,42.28771],[2.43441,42.28481],[2.44154,42.2854],[2.44552,42.28059],[2.44986,42.28107],[2.45067,42.28306],[2.45251,42.28316],[2.46335,42.27953],[2.48534,42.28834],[2.48026,42.298],[2.47973,42.30292],[2.49553,42.3003],[2.4965,42.29888],[2.50388,42.30413],[2.50611,42.30405],[2.50404,42.29892],[2.50455,42.28692],[2.50744,42.28643],[2.50877,42.28134],[2.53447,42.27956],[2.53735,42.27991],[2.53822,42.28229],[2.54541,42.28277],[2.55053,42.28551],[2.55647,42.28567],[2.55786,42.28712],[2.54821,42.29032],[2.53279,42.2902],[2.52406,42.2918],[2.52798,42.30126],[2.52801,42.30529],[2.52455,42.31938],[2.51992,42.32687],[2.52652,42.33342],[2.51115,42.33765],[2.51023,42.33954],[2.50075,42.34288],[2.49244,42.34259],[2.48356,42.33995],[2.48092,42.34103],[2.47306,42.34922],[2.47194,42.35369],[2.46629,42.36057],[2.45685,42.36327],[2.45478,42.36982],[2.44575,42.36961],[2.43348,42.37716],[2.43274,42.3783],[2.43533,42.38517],[2.43331,42.39416],[2.41379,42.39147],[2.39519,42.3953],[2.38548,42.40038],[2.36963,42.40094],[2.34815,42.40743],[2.34527,42.41016],[2.34593,42.4154],[2.34398,42.41688],[2.33189,42.41576],[2.32443,42.41767],[2.31906,42.4218],[2.31854,42.42513],[2.31223,42.42837],[2.30653,42.42864],[2.3005,42.42388],[2.29159,42.42312],[2.2723,42.43399],[2.26737,42.4337]]]]},"properties":{"OBJECTID":31,"CODICOMAR":"31","NOMCOMAR":"Ripollès","CAPCOMAR":"Ripoll","CAPCOMIND":"Ripoll","AREAC5000":956.8699,"SHAPE_Length":231163.43121165843,"SHAPE_Area":956823752.5773281}},{"type":"Feature","id":32,"geometry":{"type":"Polygon","coordinates":[[[1.3082,41.92183],[1.30235,41.92348],[1.29539,41.92157],[1.29759,41.9199],[1.29785,41.91739],[1.29084,41.90966],[1.29044,41.90292],[1.29252,41.89791],[1.29032,41.89419],[1.28943,41.88687],[1.28346,41.88206],[1.28373,41.87743],[1.28203,41.87543],[1.26574,41.86189],[1.26008,41.86053],[1.25814,41.85869],[1.25903,41.85637],[1.25695,41.85771],[1.25262,41.85355],[1.24353,41.84891],[1.2419,41.8454],[1.23935,41.84509],[1.23619,41.84149],[1.23714,41.83617],[1.23554,41.8328],[1.22833,41.82574],[1.2253,41.8203],[1.218,41.81629],[1.21569,41.81292],[1.21176,41.81155],[1.20247,41.81508],[1.19514,41.80939],[1.18646,41.79823],[1.18137,41.79611],[1.17025,41.78706],[1.17619,41.78629],[1.1662,41.77509],[1.1677,41.76891],[1.17281,41.76683],[1.17457,41.76271],[1.17258,41.7601],[1.16517,41.75977],[1.16112,41.75816],[1.17864,41.75353],[1.17981,41.74874],[1.17054,41.73213],[1.15658,41.71247],[1.17351,41.70809],[1.1782,41.70942],[1.19318,41.72022],[1.19704,41.72099],[1.20647,41.71665],[1.19867,41.70651],[1.19433,41.69119],[1.19215,41.69025],[1.18941,41.68594],[1.18568,41.68588],[1.18835,41.67914],[1.18488,41.67641],[1.18983,41.6746],[1.18884,41.67115],[1.19071,41.66959],[1.19123,41.66118],[1.18959,41.65918],[1.19111,41.65639],[1.19064,41.65256],[1.18529,41.64914],[1.18877,41.641],[1.18938,41.63306],[1.18662,41.61989],[1.17754,41.61801],[1.1745,41.6147],[1.16747,41.61349],[1.16543,41.61028],[1.16866,41.60626],[1.16703,41.60221],[1.1798,41.59581],[1.18484,41.59604],[1.21096,41.58806],[1.21346,41.58467],[1.21282,41.57882],[1.21969,41.56972],[1.23157,41.56984],[1.23394,41.57138],[1.24334,41.56829],[1.24645,41.57079],[1.25534,41.57125],[1.25869,41.56756],[1.27091,41.57205],[1.29405,41.56639],[1.30424,41.57146],[1.31221,41.56876],[1.32885,41.56697],[1.34537,41.56802],[1.37086,41.5653],[1.38013,41.56143],[1.38445,41.55587],[1.40319,41.55788],[1.40223,41.56471],[1.39501,41.56768],[1.39227,41.5788],[1.39569,41.58507],[1.40289,41.58637],[1.40777,41.59074],[1.40669,41.59334],[1.40733,41.60034],[1.39356,41.59971],[1.37497,41.60753],[1.37488,41.61181],[1.3697,41.61291],[1.36875,41.61045],[1.36181,41.61204],[1.36053,41.61374],[1.36959,41.61733],[1.36988,41.62139],[1.37903,41.62497],[1.38632,41.62612],[1.38743,41.63136],[1.3915,41.63433],[1.41291,41.63537],[1.42053,41.63445],[1.42418,41.6314],[1.43057,41.62982],[1.43115,41.63409],[1.43975,41.63566],[1.44367,41.63483],[1.44891,41.63667],[1.4508,41.63988],[1.45072,41.64635],[1.44435,41.64621],[1.433,41.65153],[1.42584,41.66177],[1.42412,41.66938],[1.4155,41.6747],[1.41926,41.6764],[1.42329,41.68405],[1.40422,41.68616],[1.40393,41.69448],[1.39581,41.69565],[1.40021,41.70432],[1.39743,41.70556],[1.38352,41.70543],[1.38252,41.70668],[1.39541,41.71591],[1.40026,41.71708],[1.41659,41.72879],[1.4192,41.73262],[1.42447,41.73267],[1.42472,41.73472],[1.42005,41.73639],[1.4206,41.73782],[1.41067,41.74113],[1.40288,41.74556],[1.40893,41.75827],[1.41107,41.76665],[1.40989,41.76786],[1.41061,41.77504],[1.41393,41.77652],[1.41087,41.77737],[1.40737,41.78136],[1.40748,41.7846],[1.40247,41.78622],[1.40222,41.79496],[1.4039,41.80534],[1.39457,41.80015],[1.38368,41.78411],[1.38206,41.7862],[1.37358,41.77869],[1.36803,41.78157],[1.36429,41.78801],[1.36036,41.79017],[1.36226,41.7943],[1.3675,41.79797],[1.36558,41.80226],[1.36997,41.80586],[1.37142,41.81266],[1.37434,41.81666],[1.36788,41.81468],[1.35873,41.81441],[1.35233,41.81912],[1.34596,41.81854],[1.3415,41.82131],[1.33726,41.81911],[1.33569,41.82252],[1.32999,41.82258],[1.32796,41.82533],[1.3202,41.8303],[1.32577,41.8352],[1.3282,41.83927],[1.32872,41.84397],[1.33996,41.85436],[1.34324,41.85983],[1.33981,41.89071],[1.34087,41.89334],[1.33533,41.90083],[1.33196,41.89543],[1.32296,41.88955],[1.31976,41.89198],[1.31847,41.89395],[1.32008,41.90465],[1.31711,41.91213],[1.3082,41.92183]]]},"properties":{"OBJECTID":32,"CODICOMAR":"32","NOMCOMAR":"Segarra","CAPCOMAR":"Cervera","CAPCOMIND":"Cervera","AREAC5000":564.1977,"SHAPE_Length":155325.6941642694,"SHAPE_Area":564142164.9951757}},{"type":"Feature","id":33,"geometry":{"type":"MultiPolygon","coordinates":[[[[0.79621,41.58915],[0.80384,41.59015],[0.80725,41.60196],[0.81675,41.61456],[0.78258,41.60926],[0.78023,41.60338],[0.77334,41.59685],[0.76703,41.58752],[0.77075,41.58706],[0.77924,41.57984],[0.79621,41.58915]]],[[[0.56167,41.85182],[0.5569,41.85377],[0.55257,41.84911],[0.55132,41.84059],[0.55341,41.8401],[0.55221,41.83436],[0.54355,41.82041],[0.52513,41.82225],[0.51945,41.8206],[0.51553,41.82209],[0.50194,41.81437],[0.49888,41.80712],[0.49487,41.80434],[0.48852,41.80504],[0.48251,41.79976],[0.47409,41.78806],[0.46982,41.76543],[0.46448,41.76331],[0.44814,41.76471],[0.43798,41.76132],[0.4282,41.76161],[0.40685,41.75866],[0.39906,41.75584],[0.39954,41.75468],[0.39797,41.75428],[0.39935,41.75082],[0.39481,41.7377],[0.39524,41.73182],[0.38521,41.73962],[0.3727,41.72345],[0.36888,41.72414],[0.36821,41.71365],[0.34154,41.69606],[0.32832,41.68153],[0.3258,41.67338],[0.3263,41.66256],[0.333,41.65978],[0.34967,41.63648],[0.35554,41.63458],[0.35825,41.63197],[0.35382,41.62953],[0.3468,41.62239],[0.34979,41.59955],[0.39223,41.59521],[0.40221,41.59262],[0.42881,41.6022],[0.43371,41.59337],[0.43616,41.58489],[0.43133,41.581],[0.43023,41.57733],[0.43306,41.5688],[0.4301,41.56511],[0.43946,41.55565],[0.44712,41.54202],[0.44362,41.54118],[0.43863,41.53713],[0.43248,41.53093],[0.4269,41.5224],[0.41909,41.51781],[0.40716,41.50147],[0.39651,41.49036],[0.38624,41.48642],[0.3719,41.48474],[0.36863,41.48631],[0.34782,41.4879],[0.34279,41.48396],[0.34182,41.48067],[0.34488,41.47341],[0.34509,41.46212],[0.35527,41.45482],[0.35669,41.45145],[0.35297,41.44555],[0.34853,41.4419],[0.34892,41.43369],[0.34739,41.42944],[0.34841,41.42673],[0.34342,41.41489],[0.32002,41.39419],[0.35205,41.374],[0.3583,41.37199],[0.37442,41.35212],[0.37403,41.35009],[0.3672,41.34263],[0.36034,41.34055],[0.34986,41.33132],[0.34861,41.32791],[0.35119,41.32448],[0.3679,41.31928],[0.37032,41.31215],[0.36843,41.30643],[0.36547,41.30372],[0.36964,41.29606],[0.38569,41.27855],[0.42349,41.2743],[0.43245,41.27588],[0.43342,41.28773],[0.43592,41.29723],[0.43225,41.31166],[0.43462,41.3203],[0.44132,41.32556],[0.45125,41.32962],[0.45579,41.32978],[0.46162,41.33507],[0.47699,41.32423],[0.48023,41.32341],[0.48099,41.31743],[0.48953,41.3106],[0.49032,41.30659],[0.49706,41.30296],[0.49854,41.29713],[0.5016,41.29491],[0.50314,41.28978],[0.5091,41.29141],[0.5152,41.29067],[0.51873,41.29169],[0.52621,41.2902],[0.53021,41.30017],[0.53519,41.30238],[0.5431,41.31216],[0.54549,41.32275],[0.55448,41.32659],[0.57419,41.31814],[0.58085,41.31989],[0.58651,41.33737],[0.58688,41.34456],[0.58216,41.35319],[0.58594,41.36099],[0.58378,41.37294],[0.58451,41.37625],[0.59644,41.38516],[0.60608,41.38981],[0.61881,41.39305],[0.62577,41.39934],[0.63179,41.4119],[0.62841,41.42002],[0.6225,41.42507],[0.62093,41.43465],[0.6281,41.45241],[0.63283,41.44948],[0.64281,41.45483],[0.65911,41.45564],[0.6635,41.45775],[0.6622,41.46534],[0.66426,41.47322],[0.67146,41.47595],[0.6729,41.47954],[0.6778,41.47723],[0.69241,41.47683],[0.69804,41.48975],[0.69593,41.49982],[0.70039,41.50507],[0.70547,41.51862],[0.71015,41.52498],[0.7267,41.51851],[0.73156,41.52034],[0.7415,41.52937],[0.74554,41.5282],[0.74723,41.52946],[0.7479,41.53314],[0.7508,41.53119],[0.75625,41.53506],[0.75887,41.53774],[0.75412,41.54031],[0.75605,41.55035],[0.76446,41.55134],[0.76473,41.55703],[0.74372,41.56119],[0.74325,41.56347],[0.74056,41.56562],[0.73236,41.56676],[0.73521,41.57867],[0.73874,41.58363],[0.74155,41.58268],[0.7446,41.58851],[0.76139,41.58781],[0.75956,41.59106],[0.76009,41.5975],[0.75781,41.59917],[0.7561,41.6033],[0.75463,41.60838],[0.75516,41.6131],[0.75157,41.61934],[0.74872,41.62919],[0.73692,41.63217],[0.7317,41.6317],[0.72943,41.63353],[0.72869,41.63794],[0.73156,41.6451],[0.7363,41.64835],[0.73745,41.66166],[0.75217,41.66218],[0.76424,41.66522],[0.76594,41.68011],[0.76085,41.69093],[0.74597,41.70995],[0.74185,41.7122],[0.73131,41.70568],[0.72629,41.69867],[0.71543,41.70297],[0.71239,41.70152],[0.7086,41.69545],[0.70591,41.69559],[0.70264,41.70032],[0.69381,41.69498],[0.69243,41.69561],[0.68944,41.7032],[0.68488,41.70913],[0.67455,41.71631],[0.66668,41.72413],[0.65979,41.73572],[0.63387,41.75932],[0.6269,41.76173],[0.62116,41.76647],[0.61116,41.78452],[0.60083,41.79106],[0.59121,41.80165],[0.57802,41.82692],[0.57873,41.84829],[0.58003,41.85081],[0.56227,41.8532],[0.56167,41.85182]]]]},"properties":{"OBJECTID":33,"CODICOMAR":"33","NOMCOMAR":"Segrià","CAPCOMAR":"Lleida","CAPCOMIND":"Lleida","AREAC5000":1395.977,"SHAPE_Length":234450.248728404,"SHAPE_Area":1395988256.6623468}},{"type":"Feature","id":34,"geometry":{"type":"MultiPolygon","coordinates":[[[[2.79214,41.67049],[2.79247,41.67044],[2.79235,41.67079],[2.79214,41.67049]]],[[[2.80321,41.67305],[2.8038,41.67323],[2.80312,41.67312],[2.80321,41.67305]]],[[[2.80765,41.67681],[2.8079,41.67751],[2.80727,41.67697],[2.80765,41.67681]]],[[[2.81549,41.68197],[2.816,41.68211],[2.81551,41.68218],[2.81549,41.68197]]],[[[2.81589,41.6828],[2.81615,41.68303],[2.81584,41.68284],[2.81589,41.6828]]],[[[2.81867,41.68683],[2.81876,41.68659],[2.81912,41.68688],[2.81867,41.68683]]],[[[2.82688,41.69002],[2.82732,41.69018],[2.8267,41.69021],[2.82688,41.69002]]],[[[2.82907,41.69097],[2.82953,41.69108],[2.82904,41.69124],[2.82907,41.69097]]],[[[2.87187,41.70017],[2.87235,41.70023],[2.87218,41.70041],[2.87187,41.70017]]],[[[2.88631,41.70146],[2.88677,41.7014],[2.8869,41.7015],[2.88631,41.70146]]],[[[2.87863,41.70154],[2.87936,41.7015],[2.87933,41.70163],[2.87863,41.70154]]],[[[2.89262,41.70369],[2.89296,41.70357],[2.89301,41.70379],[2.89262,41.70369]]],[[[2.89583,41.70376],[2.89605,41.70358],[2.89634,41.70386],[2.89583,41.70376]]],[[[2.91196,41.7076],[2.91231,41.70756],[2.91155,41.70773],[2.91196,41.7076]]],[[[2.92661,41.71357],[2.92737,41.71354],[2.92658,41.71363],[2.92661,41.71357]]],[[[2.9396,41.72019],[2.94034,41.72014],[2.93998,41.72066],[2.9396,41.72019]]],[[[2.94107,41.72463],[2.9413,41.7244],[2.94141,41.72451],[2.94107,41.72463]]],[[[2.94576,41.7258],[2.94618,41.72585],[2.94581,41.72597],[2.94576,41.7258]]],[[[2.96503,41.74529],[2.96547,41.74519],[2.96546,41.74536],[2.96503,41.74529]]],[[[2.53304,42.02804],[2.51417,42.04203],[2.5118,42.04707],[2.50337,42.05153],[2.49614,42.05901],[2.49372,42.05893],[2.49088,42.05559],[2.48195,42.05168],[2.48128,42.05074],[2.48421,42.04684],[2.48868,42.04454],[2.4928,42.03834],[2.49656,42.0371],[2.49962,42.03365],[2.50609,42.0323],[2.50306,42.0235],[2.49423,42.02069],[2.49511,42.01158],[2.50285,42.00893],[2.49981,42.00787],[2.49905,42.0015],[2.48465,41.99931],[2.48299,41.99666],[2.47964,41.99788],[2.4797,42.00028],[2.4763,42.0009],[2.47666,41.99735],[2.46881,41.99374],[2.48802,41.98485],[2.48005,41.98249],[2.48021,41.97873],[2.4727,41.97535],[2.47169,41.97241],[2.47428,41.96952],[2.46532,41.96681],[2.46165,41.96772],[2.45225,41.96589],[2.44934,41.96989],[2.44134,41.96806],[2.44276,41.97161],[2.43827,41.97339],[2.43324,41.97245],[2.43076,41.96899],[2.42728,41.96895],[2.42905,41.96569],[2.43949,41.96315],[2.44144,41.95991],[2.44211,41.95449],[2.43813,41.95142],[2.43676,41.94797],[2.44021,41.94662],[2.44037,41.94342],[2.44238,41.94143],[2.44491,41.94183],[2.44606,41.94385],[2.45111,41.94369],[2.45528,41.94111],[2.45683,41.94334],[2.46031,41.94383],[2.46406,41.93866],[2.47018,41.93914],[2.4791,41.93084],[2.47968,41.92171],[2.47848,41.91912],[2.4804,41.9162],[2.47487,41.91486],[2.47281,41.9104],[2.46967,41.90849],[2.46814,41.90423],[2.45994,41.90206],[2.45909,41.8984],[2.45668,41.89683],[2.44619,41.89476],[2.44625,41.89026],[2.44316,41.88824],[2.44376,41.88548],[2.45297,41.87963],[2.45375,41.86966],[2.44615,41.85981],[2.44103,41.86023],[2.43826,41.85494],[2.43283,41.85311],[2.42257,41.85471],[2.42133,41.85081],[2.41812,41.85068],[2.42014,41.84838],[2.41854,41.84602],[2.42426,41.83947],[2.42316,41.83712],[2.41806,41.8358],[2.41171,41.83039],[2.40739,41.82307],[2.41217,41.81406],[2.41662,41.81085],[2.41216,41.80639],[2.4168,41.80602],[2.41874,41.80446],[2.43096,41.80403],[2.43887,41.80124],[2.443,41.79885],[2.44392,41.78936],[2.4555,41.78442],[2.47253,41.7896],[2.46924,41.77793],[2.48206,41.7717],[2.49055,41.76543],[2.49443,41.76428],[2.49779,41.76556],[2.50543,41.76288],[2.51593,41.76153],[2.51813,41.75535],[2.51527,41.75295],[2.51504,41.74863],[2.52341,41.74202],[2.53053,41.73923],[2.53328,41.73581],[2.53059,41.73069],[2.5337,41.72899],[2.53733,41.72174],[2.54411,41.72098],[2.54769,41.71899],[2.5694,41.72612],[2.57813,41.72455],[2.59252,41.72868],[2.59894,41.72833],[2.59571,41.7214],[2.59739,41.7176],[2.60019,41.71615],[2.59652,41.70911],[2.59,41.70411],[2.5879,41.70023],[2.5942,41.68673],[2.59968,41.68382],[2.61377,41.69252],[2.62904,41.68829],[2.63301,41.68984],[2.63433,41.69174],[2.63327,41.69465],[2.64098,41.71178],[2.64339,41.71504],[2.64925,41.71761],[2.65104,41.72224],[2.6659,41.71711],[2.6701,41.71439],[2.69303,41.72541],[2.70251,41.72815],[2.72405,41.7444],[2.74421,41.73488],[2.77602,41.73495],[2.77706,41.73073],[2.76586,41.7257],[2.77452,41.70029],[2.77022,41.68753],[2.75785,41.6794],[2.76042,41.6723],[2.77235,41.65911],[2.77777,41.65039],[2.78892,41.66999],[2.79153,41.67007],[2.79125,41.67191],[2.79416,41.67395],[2.79748,41.67332],[2.79796,41.67467],[2.79649,41.67385],[2.79553,41.67482],[2.79749,41.67546],[2.80092,41.67397],[2.79844,41.67294],[2.80028,41.6729],[2.79921,41.67177],[2.79656,41.67256],[2.79831,41.67178],[2.79933,41.67153],[2.801,41.67245],[2.80156,41.67413],[2.80289,41.6736],[2.80309,41.67587],[2.80704,41.67691],[2.80757,41.67896],[2.816,41.68242],[2.81568,41.68275],[2.81601,41.68339],[2.81566,41.68369],[2.81658,41.68631],[2.81941,41.68894],[2.82112,41.68869],[2.82427,41.69059],[2.82589,41.69026],[2.82896,41.69131],[2.82994,41.69126],[2.83017,41.69279],[2.83391,41.69421],[2.84059,41.69303],[2.84517,41.69486],[2.8461,41.69743],[2.85109,41.69912],[2.85793,41.69988],[2.8656,41.69839],[2.87366,41.70179],[2.87768,41.70095],[2.88114,41.70404],[2.88059,41.70299],[2.88529,41.70369],[2.88738,41.70153],[2.89009,41.70348],[2.89945,41.70517],[2.89937,41.70779],[2.90338,41.7103],[2.91273,41.70816],[2.9196,41.71301],[2.92444,41.71206],[2.92652,41.71375],[2.92818,41.71399],[2.9283,41.71469],[2.9351,41.71527],[2.9337,41.71814],[2.93481,41.72033],[2.93973,41.72168],[2.94125,41.72542],[2.94443,41.72548],[2.94784,41.7278],[2.9484,41.73021],[2.94666,41.73026],[2.95107,41.73114],[2.95085,41.73291],[2.95378,41.73129],[2.95483,41.73516],[2.95367,41.7369],[2.95843,41.73572],[2.95769,41.73664],[2.96026,41.7376],[2.95772,41.73803],[2.9579,41.74029],[2.96486,41.74497],[2.96505,41.74603],[2.96691,41.74722],[2.96649,41.748],[2.96796,41.74819],[2.96862,41.75049],[2.97104,41.75199],[2.97115,41.75308],[2.96625,41.75412],[2.96102,41.75729],[2.95629,41.76342],[2.95011,41.76834],[2.94049,41.76064],[2.92819,41.75752],[2.91611,41.7679],[2.90238,41.77242],[2.88264,41.77363],[2.8712,41.77277],[2.85353,41.79358],[2.85517,41.79542],[2.85397,41.80058],[2.8585,41.8021],[2.86132,41.80746],[2.86518,41.809],[2.8724,41.80902],[2.87256,41.81505],[2.86491,41.81456],[2.86597,41.81019],[2.85169,41.81044],[2.8481,41.81418],[2.84923,41.81993],[2.85609,41.82942],[2.86204,41.84882],[2.85455,41.84766],[2.84967,41.84937],[2.84205,41.85407],[2.83709,41.86062],[2.83513,41.86136],[2.82997,41.85909],[2.82552,41.85468],[2.81953,41.85239],[2.81831,41.85022],[2.81629,41.85699],[2.81278,41.85989],[2.8138,41.87117],[2.81294,41.87435],[2.8109,41.87484],[2.80981,41.87771],[2.81321,41.88113],[2.81605,41.88763],[2.81765,41.9028],[2.81641,41.90634],[2.81192,41.90852],[2.81726,41.90996],[2.81659,41.91226],[2.80371,41.91436],[2.79972,41.91189],[2.79226,41.91074],[2.78007,41.90336],[2.76594,41.90939],[2.75594,41.92025],[2.74669,41.92691],[2.74447,41.92456],[2.71747,41.9219],[2.69787,41.92429],[2.70231,41.93079],[2.69723,41.93753],[2.68739,41.94289],[2.68034,41.94897],[2.67262,41.94824],[2.66556,41.95201],[2.66069,41.95954],[2.66132,41.96305],[2.66529,41.96505],[2.67238,41.96577],[2.672,41.97205],[2.67401,41.97383],[2.66896,41.97521],[2.66795,41.98566],[2.66327,41.99181],[2.6608,41.99228],[2.65863,41.99982],[2.65854,42.00737],[2.66407,42.0088],[2.66169,42.01667],[2.64952,42.01378],[2.64319,42.01676],[2.63702,42.01654],[2.63557,42.0148],[2.6371,42.01245],[2.62828,42.01221],[2.62617,42.02336],[2.61971,42.02281],[2.61441,42.02437],[2.60896,42.02814],[2.59914,42.04251],[2.60261,42.0463],[2.59702,42.04999],[2.59178,42.04429],[2.58946,42.03759],[2.58784,42.03652],[2.58289,42.03699],[2.5798,42.03462],[2.57599,42.03731],[2.5656,42.03863],[2.56248,42.04277],[2.55718,42.04485],[2.55341,42.04392],[2.54716,42.03882],[2.54485,42.02949],[2.53304,42.02804]]]]},"properties":{"OBJECTID":34,"CODICOMAR":"34","NOMCOMAR":"Selva","CAPCOMAR":"Santa Coloma de Farners","CAPCOMIND":"Santa Coloma de Farners","AREAC5000":994.0428,"SHAPE_Length":230440.70297371762,"SHAPE_Area":994094020.1549027}},{"type":"Feature","id":35,"geometry":{"type":"MultiPolygon","coordinates":[[[[1.71468,41.89188],[1.71232,41.89595],[1.70863,41.89704],[1.70794,41.8949],[1.71125,41.89192],[1.71159,41.88954],[1.70625,41.88941],[1.70646,41.88846],[1.71673,41.88507],[1.7184,41.88244],[1.72497,41.89279],[1.71973,41.89529],[1.7192,41.89331],[1.71468,41.89188]]],[[[1.59071,42.20261],[1.55284,42.21004],[1.5277,42.2044],[1.52871,42.19937],[1.52792,42.19196],[1.52156,42.18955],[1.52223,42.18609],[1.52038,42.18437],[1.46939,42.15435],[1.45914,42.15105],[1.44684,42.14491],[1.44631,42.14774],[1.43485,42.15375],[1.43167,42.1587],[1.4244,42.16006],[1.40452,42.15547],[1.39623,42.15063],[1.38967,42.15123],[1.37846,42.15478],[1.36901,42.15168],[1.36513,42.14863],[1.35757,42.14795],[1.36144,42.14185],[1.36475,42.14214],[1.3666,42.13928],[1.36199,42.12997],[1.35066,42.12848],[1.34909,42.12358],[1.3419,42.1197],[1.33451,42.11918],[1.32684,42.11513],[1.32348,42.09493],[1.33101,42.08002],[1.33456,42.07698],[1.33911,42.07753],[1.34984,42.07302],[1.35777,42.07749],[1.35872,42.07256],[1.3568,42.06653],[1.35955,42.06281],[1.3604,42.05077],[1.3583,42.04648],[1.36327,42.0447],[1.3641,42.04295],[1.35695,42.03887],[1.36036,42.03008],[1.35922,42.0284],[1.35573,42.02807],[1.35668,42.02527],[1.35604,42.02275],[1.35477,42.02279],[1.35831,42.01945],[1.35745,42.01181],[1.35783,42.01023],[1.36036,42.00969],[1.35927,42.0071],[1.36312,42.00415],[1.36263,42.00002],[1.35332,41.99479],[1.33281,41.99089],[1.32266,41.99138],[1.30918,41.99484],[1.30481,41.99192],[1.30901,41.98998],[1.30977,41.98821],[1.30801,41.98559],[1.29875,41.98046],[1.29473,41.967],[1.29163,41.96512],[1.29021,41.96236],[1.29346,41.95548],[1.30847,41.95296],[1.31354,41.94714],[1.30936,41.93586],[1.29539,41.92157],[1.30283,41.92348],[1.3072,41.9226],[1.31143,41.91931],[1.31711,41.91213],[1.32016,41.90438],[1.31854,41.89327],[1.32296,41.88955],[1.33196,41.89543],[1.33533,41.90083],[1.34087,41.89334],[1.33981,41.89071],[1.34324,41.85983],[1.33996,41.85436],[1.32872,41.84397],[1.3282,41.83927],[1.32577,41.8352],[1.3202,41.8303],[1.32796,41.82533],[1.32999,41.82258],[1.33569,41.82252],[1.33726,41.81911],[1.3415,41.82131],[1.34596,41.81854],[1.35233,41.81912],[1.35873,41.81441],[1.36788,41.81468],[1.37434,41.81666],[1.37142,41.81266],[1.36997,41.80586],[1.36558,41.80226],[1.3675,41.79797],[1.36226,41.7943],[1.36036,41.79017],[1.36427,41.78804],[1.36803,41.78157],[1.37163,41.77946],[1.37358,41.77869],[1.37636,41.78014],[1.38206,41.7862],[1.38368,41.78411],[1.39457,41.80015],[1.4039,41.80534],[1.40222,41.79496],[1.40247,41.78622],[1.40748,41.7846],[1.40737,41.78136],[1.41087,41.77737],[1.4152,41.77606],[1.42026,41.78997],[1.42134,41.79367],[1.41829,41.79251],[1.41658,41.79495],[1.42647,41.80185],[1.44275,41.80094],[1.4509,41.79788],[1.45496,41.79887],[1.46368,41.79805],[1.47133,41.80058],[1.47249,41.79936],[1.47192,41.79114],[1.47031,41.78914],[1.47295,41.7831],[1.46929,41.78179],[1.46916,41.77848],[1.46087,41.77649],[1.4665,41.77534],[1.46787,41.771],[1.47687,41.77274],[1.48417,41.77179],[1.48209,41.7756],[1.48739,41.77736],[1.48808,41.77875],[1.48545,41.78742],[1.4827,41.79098],[1.48817,41.78926],[1.49608,41.79022],[1.50218,41.78911],[1.50476,41.78821],[1.5075,41.77608],[1.51258,41.77264],[1.51022,41.77156],[1.51087,41.7708],[1.5195,41.77082],[1.52172,41.76694],[1.52779,41.76408],[1.53267,41.76376],[1.52839,41.75974],[1.53072,41.75259],[1.5353,41.75295],[1.53619,41.75455],[1.53404,41.75715],[1.54475,41.75739],[1.54832,41.77045],[1.56173,41.76997],[1.56139,41.77723],[1.56947,41.77807],[1.57258,41.78215],[1.57879,41.77884],[1.58129,41.77542],[1.59335,41.77784],[1.59222,41.78064],[1.59982,41.7888],[1.59592,41.79316],[1.59773,41.79413],[1.59724,41.79633],[1.59453,41.79656],[1.59228,41.80187],[1.58822,41.80453],[1.59294,41.8119],[1.60544,41.81481],[1.61172,41.81796],[1.61515,41.83021],[1.6097,41.83598],[1.61907,41.84135],[1.62278,41.84048],[1.63178,41.84357],[1.62671,41.84827],[1.63048,41.85839],[1.62796,41.86035],[1.62563,41.86898],[1.62098,41.87266],[1.61757,41.88115],[1.61082,41.88049],[1.60637,41.88363],[1.60047,41.88366],[1.58314,41.87347],[1.56854,41.8798],[1.57603,41.89102],[1.58264,41.8928],[1.58412,41.89026],[1.58304,41.8882],[1.58595,41.88828],[1.59498,41.89656],[1.59973,41.90341],[1.6047,41.90137],[1.61553,41.90587],[1.61838,41.91174],[1.63171,41.92023],[1.63724,41.92642],[1.64146,41.92881],[1.64965,41.92651],[1.65269,41.92867],[1.64241,41.94053],[1.64457,41.94385],[1.65027,41.94574],[1.64693,41.95263],[1.64908,41.957],[1.64472,41.95956],[1.64423,41.96866],[1.65111,41.97838],[1.64884,41.97966],[1.65423,41.98064],[1.65887,41.97804],[1.66015,41.98139],[1.65919,41.98316],[1.66402,41.98474],[1.6671,41.98506],[1.67434,41.98274],[1.66831,41.97147],[1.6708,41.96835],[1.67755,41.96916],[1.6824,41.96765],[1.69674,41.97582],[1.71011,41.97975],[1.71928,41.98494],[1.71368,41.99218],[1.71681,41.99406],[1.71583,41.99745],[1.71802,41.99781],[1.71741,41.99974],[1.71133,42.00257],[1.70725,42.0019],[1.70747,42.00709],[1.69867,42.01381],[1.6947,42.01319],[1.69009,42.00511],[1.69884,41.99348],[1.69601,41.99147],[1.69777,41.98855],[1.69743,41.98568],[1.6914,41.98677],[1.69202,41.99052],[1.68979,41.99064],[1.68477,41.99513],[1.66712,41.99056],[1.66219,41.99112],[1.66119,41.99168],[1.66191,42.00126],[1.6577,42.00291],[1.65446,41.99959],[1.65643,41.99783],[1.65426,41.993],[1.65159,41.99301],[1.65053,41.99785],[1.64707,41.99993],[1.65209,42.00469],[1.65278,42.00898],[1.65118,42.01291],[1.65534,42.01736],[1.65486,42.01964],[1.65775,42.02153],[1.66148,42.02271],[1.6644,42.02162],[1.66503,42.01862],[1.6615,42.01348],[1.66211,42.01076],[1.66562,42.01003],[1.66476,42.00736],[1.66104,42.00609],[1.66634,42.00301],[1.67013,42.00653],[1.66861,42.0128],[1.66992,42.01561],[1.67461,42.01868],[1.67834,42.01839],[1.68396,42.02474],[1.68966,42.0264],[1.68931,42.02735],[1.69418,42.02812],[1.69702,42.02598],[1.6997,42.02887],[1.69436,42.03494],[1.69737,42.03654],[1.69667,42.04015],[1.69161,42.0456],[1.68434,42.04716],[1.68423,42.04875],[1.68047,42.04541],[1.6792,42.03827],[1.67247,42.04067],[1.67114,42.04376],[1.67476,42.05313],[1.67463,42.05865],[1.68693,42.06842],[1.69113,42.0754],[1.68788,42.07811],[1.69118,42.08679],[1.70763,42.08244],[1.71747,42.08579],[1.7222,42.09138],[1.72287,42.10008],[1.71157,42.10172],[1.70445,42.10598],[1.7095,42.10972],[1.71194,42.1161],[1.71154,42.11935],[1.69956,42.12791],[1.70052,42.13011],[1.69849,42.1346],[1.70308,42.13976],[1.70241,42.14155],[1.70486,42.14251],[1.70708,42.14609],[1.70787,42.14995],[1.7138,42.15472],[1.7206,42.15182],[1.72407,42.15273],[1.72908,42.15836],[1.73416,42.15879],[1.73825,42.16295],[1.73646,42.17244],[1.73794,42.17677],[1.7347,42.18154],[1.73658,42.18345],[1.73168,42.18403],[1.72883,42.17989],[1.7257,42.17434],[1.72798,42.17064],[1.72594,42.16632],[1.71636,42.16551],[1.7081,42.16109],[1.70719,42.16478],[1.70097,42.16961],[1.69379,42.17241],[1.69108,42.17183],[1.69103,42.17048],[1.68612,42.17215],[1.68387,42.16634],[1.68139,42.16898],[1.6769,42.16816],[1.66921,42.16962],[1.66965,42.16325],[1.66838,42.16294],[1.66295,42.16558],[1.65825,42.16524],[1.65227,42.16941],[1.65582,42.17073],[1.65504,42.1744],[1.65067,42.1778],[1.64672,42.18717],[1.6419,42.19212],[1.64313,42.19398],[1.64165,42.19667],[1.63505,42.19833],[1.62568,42.19782],[1.62054,42.20193],[1.61601,42.20299],[1.61384,42.20101],[1.59552,42.20045],[1.59071,42.20261]],[[1.65912,42.11472],[1.69217,42.11292],[1.69473,42.1076],[1.69178,42.10643],[1.6914,42.10457],[1.67883,42.10327],[1.66308,42.10531],[1.6445,42.11147],[1.64715,42.11403],[1.65405,42.11338],[1.65912,42.11472]],[[1.6892,42.10192],[1.68902,42.10203],[1.68924,42.10202],[1.6892,42.10192]],[[1.32141,41.9903],[1.32042,41.98932],[1.32235,41.98617],[1.32097,41.98318],[1.31758,41.98194],[1.31554,41.98289],[1.3131,41.98716],[1.31368,41.98944],[1.31941,41.99157],[1.32141,41.9903]]]]},"properties":{"OBJECTID":35,"CODICOMAR":"35","NOMCOMAR":"Solsonès","CAPCOMAR":"Solsona","CAPCOMIND":"Solsona","AREAC5000":1159.5949,"SHAPE_Length":273867.4894749614,"SHAPE_Area":1159421069.6794531}},{"type":"Feature","id":36,"geometry":{"type":"Polygon","coordinates":[[[1.36633,41.25085],[1.36068,41.252],[1.35751,41.25471],[1.34709,41.24137],[1.35075,41.24053],[1.35054,41.23815],[1.34639,41.23704],[1.33772,41.23861],[1.33388,41.23725],[1.33429,41.23549],[1.34074,41.23313],[1.34003,41.23001],[1.3415,41.22886],[1.34646,41.22835],[1.34661,41.22982],[1.34378,41.23123],[1.34899,41.23175],[1.34958,41.23061],[1.34799,41.22902],[1.35009,41.22614],[1.35349,41.22467],[1.35203,41.2206],[1.3482,41.2221],[1.34304,41.21915],[1.34351,41.21589],[1.33982,41.21405],[1.33597,41.22067],[1.32761,41.21841],[1.32518,41.21936],[1.32209,41.22227],[1.31784,41.22367],[1.3166,41.22759],[1.31337,41.2308],[1.30877,41.23173],[1.3036,41.23667],[1.30106,41.23563],[1.29597,41.23868],[1.28154,41.23303],[1.27649,41.23622],[1.26957,41.23362],[1.26708,41.2324],[1.2652,41.22689],[1.25963,41.2225],[1.24686,41.22607],[1.24233,41.22143],[1.25303,41.21308],[1.26049,41.20121],[1.25903,41.19964],[1.24598,41.20395],[1.23383,41.20393],[1.23273,41.21732],[1.2273,41.21876],[1.22567,41.21457],[1.21743,41.21549],[1.20298,41.22826],[1.19599,41.22373],[1.18748,41.23215],[1.18084,41.22343],[1.17456,41.22558],[1.17327,41.22404],[1.17944,41.22157],[1.17743,41.21422],[1.18355,41.21385],[1.17501,41.19725],[1.16864,41.18816],[1.16281,41.18273],[1.15441,41.17914],[1.14956,41.17234],[1.14379,41.17047],[1.16073,41.15008],[1.16929,41.14912],[1.17722,41.1441],[1.1812,41.13658],[1.19115,41.13138],[1.18903,41.12825],[1.17677,41.13032],[1.17157,41.13387],[1.17791,41.136],[1.17842,41.1381],[1.16506,41.13838],[1.16221,41.13308],[1.16698,41.12905],[1.16889,41.1313],[1.17156,41.12938],[1.17427,41.11967],[1.1678,41.11685],[1.17642,41.11051],[1.17662,41.10844],[1.1649,41.10871],[1.15231,41.12263],[1.14819,41.12229],[1.13042,41.13065],[1.12016,41.13036],[1.12129,41.12804],[1.1193,41.12184],[1.12082,41.12278],[1.12365,41.12183],[1.12612,41.11759],[1.12676,41.11374],[1.12567,41.11366],[1.12796,41.10782],[1.12672,41.103],[1.12407,41.10218],[1.11209,41.10531],[1.11103,41.10621],[1.11288,41.10697],[1.10345,41.11376],[1.10128,41.11369],[1.09388,41.10855],[1.09497,41.09665],[1.09409,41.09221],[1.10286,41.08367],[1.11781,41.07365],[1.12846,41.07492],[1.13165,41.07436],[1.13183,41.07315],[1.13033,41.073],[1.14342,41.07209],[1.14538,41.06931],[1.14911,41.0675],[1.14758,41.06535],[1.15248,41.0658],[1.15774,41.06422],[1.15853,41.06163],[1.16083,41.06086],[1.16206,41.05859],[1.16057,41.05586],[1.16733,41.05662],[1.17047,41.05467],[1.17416,41.05897],[1.18011,41.06251],[1.18153,41.06435],[1.18097,41.06572],[1.18332,41.06693],[1.18105,41.06606],[1.17924,41.06902],[1.1866,41.08106],[1.19226,41.08525],[1.19594,41.08292],[1.19068,41.08659],[1.19205,41.08808],[1.19681,41.09094],[1.19959,41.08784],[1.20635,41.08323],[1.1996,41.08807],[1.19719,41.09293],[1.19881,41.09399],[1.20887,41.0871],[1.21419,41.08712],[1.20979,41.08734],[1.21244,41.08824],[1.20481,41.09573],[1.20782,41.09736],[1.21607,41.09018],[1.21959,41.0925],[1.21293,41.09943],[1.21838,41.10229],[1.224,41.1018],[1.22554,41.09818],[1.22273,41.09614],[1.22656,41.09864],[1.22531,41.09902],[1.22776,41.10022],[1.22589,41.10526],[1.2285,41.10535],[1.23013,41.10095],[1.23753,41.10379],[1.23718,41.10646],[1.24141,41.10528],[1.243,41.10634],[1.2452,41.1045],[1.23368,41.09979],[1.23038,41.09539],[1.22906,41.09596],[1.22507,41.0907],[1.22353,41.09057],[1.22577,41.08931],[1.22521,41.08716],[1.21348,41.07866],[1.22646,41.08751],[1.23219,41.09489],[1.24634,41.10046],[1.24818,41.1051],[1.25009,41.10732],[1.25141,41.1066],[1.25086,41.10773],[1.2524,41.10938],[1.25374,41.10861],[1.25108,41.10569],[1.25236,41.10639],[1.25424,41.10881],[1.25346,41.11015],[1.25583,41.11191],[1.26418,41.11423],[1.26621,41.11217],[1.26847,41.11373],[1.27043,41.11315],[1.27786,41.11993],[1.28211,41.12011],[1.28417,41.12242],[1.28879,41.12309],[1.29515,41.12694],[1.30682,41.12905],[1.32107,41.12946],[1.32472,41.12773],[1.33614,41.12856],[1.34399,41.12478],[1.34331,41.12598],[1.34735,41.12797],[1.35254,41.12714],[1.38192,41.1344],[1.38534,41.13409],[1.38611,41.13247],[1.3949,41.13161],[1.40149,41.13357],[1.40009,41.13385],[1.40261,41.1345],[1.40156,41.13541],[1.40298,41.13478],[1.40158,41.13544],[1.40341,41.13536],[1.40218,41.13622],[1.40362,41.13563],[1.40236,41.13646],[1.40381,41.13587],[1.40252,41.13667],[1.40396,41.13607],[1.40271,41.13691],[1.40438,41.13618],[1.40152,41.13263],[1.40504,41.13617],[1.40372,41.13688],[1.4043,41.13798],[1.40784,41.14093],[1.42692,41.14973],[1.46674,41.16605],[1.47938,41.16846],[1.4839,41.16705],[1.48367,41.16828],[1.48615,41.17013],[1.48817,41.16852],[1.48283,41.16607],[1.48521,41.16627],[1.48874,41.16856],[1.48886,41.17008],[1.4957,41.17317],[1.4863,41.18259],[1.48322,41.18663],[1.48306,41.18947],[1.47934,41.19257],[1.47778,41.20048],[1.47925,41.20627],[1.47677,41.20853],[1.45792,41.20349],[1.44732,41.20455],[1.43569,41.20238],[1.42734,41.20894],[1.42608,41.21164],[1.40931,41.21292],[1.40326,41.2101],[1.39935,41.20602],[1.3952,41.20557],[1.39156,41.21332],[1.39042,41.22082],[1.39867,41.22108],[1.40496,41.22562],[1.40632,41.22688],[1.40592,41.23738],[1.41316,41.24119],[1.40715,41.24153],[1.39835,41.23916],[1.38999,41.2418],[1.37036,41.24288],[1.36786,41.24501],[1.36633,41.25085]],[[1.24029,41.10877],[1.24295,41.10993],[1.2491,41.10864],[1.24718,41.10581],[1.24518,41.10742],[1.24443,41.10609],[1.23962,41.10729],[1.24167,41.10766],[1.24026,41.10872],[1.24194,41.10828],[1.24029,41.10877]]]},"properties":{"OBJECTID":36,"CODICOMAR":"36","NOMCOMAR":"Tarragonès","CAPCOMAR":"Tarragona","CAPCOMIND":"Tarragona","AREAC5000":320.582,"SHAPE_Length":175091.60401259185,"SHAPE_Area":320567284.56461304}},{"type":"Feature","id":37,"geometry":{"type":"Polygon","coordinates":[[[0.38172,41.23663],[0.36421,41.23855],[0.36315,41.23578],[0.36451,41.22792],[0.36115,41.22522],[0.34909,41.22689],[0.34077,41.231],[0.33792,41.22978],[0.33534,41.22531],[0.33105,41.22235],[0.32637,41.22255],[0.32241,41.22485],[0.32121,41.22405],[0.31842,41.21984],[0.31747,41.21046],[0.31395,41.20542],[0.31244,41.19582],[0.30929,41.19313],[0.30624,41.1856],[0.30485,41.17182],[0.30339,41.16894],[0.30043,41.16711],[0.3033,41.16453],[0.30199,41.16098],[0.29793,41.161],[0.29087,41.15658],[0.2835,41.15543],[0.27216,41.14856],[0.25302,41.14992],[0.25617,41.14296],[0.2508,41.13835],[0.2519,41.13378],[0.24855,41.13004],[0.23782,41.12988],[0.21399,41.13716],[0.21259,41.13637],[0.21979,41.13408],[0.21957,41.13189],[0.20377,41.12837],[0.2009,41.12594],[0.2017,41.12305],[0.2091,41.11667],[0.2051,41.11044],[0.206,41.10941],[0.20046,41.10218],[0.20063,41.08486],[0.20716,41.08288],[0.21545,41.08448],[0.2196,41.08329],[0.21945,41.07948],[0.21626,41.0774],[0.22191,41.07285],[0.21739,41.06664],[0.21894,41.06129],[0.22308,41.05843],[0.2284,41.05904],[0.23032,41.05683],[0.22943,41.05223],[0.21741,41.04732],[0.21809,41.0435],[0.22153,41.04169],[0.22666,41.04658],[0.23261,41.04724],[0.23469,41.04606],[0.23465,41.04441],[0.22986,41.03978],[0.23223,41.03484],[0.24194,41.03441],[0.24446,41.03647],[0.24289,41.04058],[0.24606,41.04142],[0.25037,41.03765],[0.2523,41.03281],[0.25893,41.02858],[0.26533,41.02542],[0.27204,41.02569],[0.2784,41.02164],[0.27992,41.01945],[0.27686,41.0178],[0.26188,41.01922],[0.25924,41.01665],[0.25885,41.01409],[0.26186,41.01075],[0.26991,41.0095],[0.27473,41.00664],[0.2748,41.00473],[0.26938,41.00215],[0.26837,40.9982],[0.27197,40.99349],[0.28116,40.98666],[0.28234,40.98243],[0.28094,40.97526],[0.282,40.97276],[0.28974,40.97403],[0.29356,40.97086],[0.29285,40.9686],[0.28422,40.96431],[0.28486,40.95888],[0.28134,40.95231],[0.27925,40.95056],[0.27479,40.95022],[0.2766,40.94766],[0.2719,40.94528],[0.27147,40.94234],[0.27382,40.93552],[0.2667,40.92829],[0.26026,40.92795],[0.25359,40.91925],[0.25405,40.91274],[0.25051,40.91169],[0.24848,40.90937],[0.24946,40.90717],[0.25349,40.90576],[0.24939,40.90175],[0.25023,40.89544],[0.24597,40.89261],[0.2455,40.88677],[0.24064,40.88641],[0.23862,40.88456],[0.24076,40.882],[0.24898,40.87954],[0.2517,40.87585],[0.25553,40.87387],[0.25233,40.86272],[0.25335,40.85908],[0.25143,40.8566],[0.25511,40.85301],[0.25634,40.84866],[0.25555,40.84577],[0.25922,40.84423],[0.25998,40.83841],[0.27914,40.82121],[0.27326,40.81848],[0.28436,40.81894],[0.29223,40.81588],[0.30552,40.83532],[0.31438,40.84162],[0.32517,40.84394],[0.33292,40.84919],[0.3333,40.85188],[0.33898,40.85845],[0.35239,40.871],[0.35669,40.87728],[0.36206,40.88034],[0.36036,40.8831],[0.36647,40.8859],[0.36895,40.89102],[0.36435,40.89822],[0.36801,40.90265],[0.36347,40.90814],[0.36576,40.91211],[0.36521,40.91582],[0.36855,40.91985],[0.36936,40.92534],[0.36626,40.93132],[0.36673,40.93324],[0.37171,40.93687],[0.36949,40.93839],[0.37068,40.94268],[0.37245,40.94199],[0.3799,40.94506],[0.38241,40.94338],[0.38743,40.94491],[0.39215,40.94841],[0.39045,40.95161],[0.39343,40.95518],[0.39963,40.95387],[0.40666,40.95763],[0.41659,40.95767],[0.42337,40.96059],[0.43331,40.96104],[0.44489,40.96406],[0.45455,40.97833],[0.45919,40.97718],[0.46713,40.97801],[0.46798,40.97936],[0.48001,40.97667],[0.48641,40.97717],[0.49626,40.98401],[0.49809,40.98761],[0.50505,40.99041],[0.50463,40.99294],[0.50652,40.99495],[0.51037,40.99517],[0.5145,40.99755],[0.52295,40.997],[0.52935,41.00032],[0.53538,41.00111],[0.54452,41.00855],[0.55377,41.01019],[0.55824,41.01445],[0.56673,41.0167],[0.57059,41.01916],[0.56794,41.01998],[0.56721,41.0248],[0.55853,41.0278],[0.55653,41.03115],[0.55761,41.03477],[0.55116,41.03512],[0.54813,41.0374],[0.54689,41.04172],[0.54765,41.0464],[0.54448,41.05072],[0.53748,41.05138],[0.52801,41.0555],[0.52708,41.06278],[0.50226,41.05991],[0.49981,41.06323],[0.50376,41.06772],[0.51781,41.07299],[0.52058,41.07552],[0.52102,41.07916],[0.53547,41.09335],[0.53625,41.09766],[0.54227,41.10624],[0.54819,41.11],[0.55354,41.11747],[0.55151,41.11954],[0.5424,41.12052],[0.53571,41.12377],[0.52783,41.12526],[0.52403,41.13009],[0.51499,41.1338],[0.49407,41.13667],[0.48823,41.14203],[0.48788,41.145],[0.49327,41.14867],[0.49546,41.15516],[0.50124,41.15689],[0.49989,41.15921],[0.50121,41.16326],[0.49772,41.16825],[0.50249,41.1734],[0.49736,41.1859],[0.49502,41.19678],[0.48648,41.19804],[0.48422,41.20114],[0.47951,41.20349],[0.46949,41.20317],[0.45936,41.20476],[0.45639,41.20862],[0.45849,41.21221],[0.45728,41.2137],[0.44501,41.22197],[0.43051,41.22863],[0.4216,41.22548],[0.41352,41.22029],[0.40321,41.21858],[0.40222,41.21636],[0.38867,41.21346],[0.39019,41.21291],[0.37784,41.21176],[0.36702,41.20681],[0.36712,41.21184],[0.37141,41.21622],[0.37299,41.22307],[0.37158,41.22958],[0.3742,41.23279],[0.38173,41.23477],[0.38172,41.23663]]]},"properties":{"OBJECTID":37,"CODICOMAR":"37","NOMCOMAR":"Terra Alta","CAPCOMAR":"Gandesa","CAPCOMIND":"Gandesa","AREAC5000":742.6788,"SHAPE_Length":173817.57570077322,"SHAPE_Area":742697329.0177081}},{"type":"Feature","id":38,"geometry":{"type":"MultiPolygon","coordinates":[[[[0.95382,41.74523],[0.97007,41.7562],[0.97388,41.76071],[0.97914,41.77549],[0.97662,41.77572],[0.9758,41.77044],[0.96809,41.7565],[0.95262,41.74711],[0.95382,41.74523]]],[[[1.10448,41.85555],[1.0995,41.85669],[1.09452,41.851],[1.09092,41.84362],[1.07549,41.82304],[1.08055,41.82405],[1.06068,41.79295],[1.04694,41.78206],[1.03336,41.76882],[1.01974,41.77688],[1.01511,41.77654],[1.00773,41.77099],[0.98624,41.77158],[0.98757,41.77432],[0.97109,41.7545],[0.95402,41.74275],[0.95754,41.73897],[0.96046,41.73237],[0.96747,41.73503],[0.97747,41.73133],[0.9831,41.73177],[0.98244,41.71309],[0.97419,41.70637],[0.97673,41.70494],[0.98844,41.70223],[0.99205,41.69911],[0.9984,41.69813],[1.00147,41.70078],[1.01577,41.70581],[1.02274,41.7125],[1.02816,41.71112],[0.99768,41.69119],[1.00966,41.68853],[1.01462,41.6945],[1.01976,41.69593],[1.04163,41.68747],[1.0371,41.67893],[1.02988,41.67984],[1.02618,41.67694],[1.02499,41.67489],[1.02719,41.67404],[1.02728,41.67243],[1.02573,41.67039],[1.01662,41.6763],[1.00625,41.67805],[1.00335,41.67615],[0.99997,41.67095],[1.0066,41.66869],[1.001,41.65109],[0.99073,41.65067],[0.98458,41.64135],[0.98647,41.6404],[0.98491,41.63704],[0.98283,41.63541],[0.9763,41.63534],[0.97411,41.62978],[0.96923,41.62952],[0.96752,41.62324],[0.97376,41.62004],[0.96982,41.61488],[0.97696,41.6123],[0.97266,41.60683],[0.97554,41.60147],[0.97822,41.5995],[0.97422,41.59695],[0.97581,41.59154],[0.9644,41.57936],[0.96862,41.57777],[0.96165,41.56858],[0.96911,41.56506],[0.97005,41.56108],[0.97224,41.55886],[0.98669,41.55006],[0.98771,41.54641],[0.98335,41.54635],[0.98383,41.54305],[0.9881,41.53637],[0.98134,41.5281],[0.97883,41.51801],[0.99724,41.51323],[1.01112,41.512],[1.02013,41.5034],[1.03208,41.50601],[1.03801,41.50508],[1.03651,41.5033],[1.03739,41.49892],[1.03945,41.50138],[1.04499,41.49937],[1.05718,41.49317],[1.06426,41.48739],[1.07612,41.48501],[1.08292,41.47964],[1.09083,41.47657],[1.09406,41.47818],[1.10458,41.47535],[1.10807,41.46717],[1.12964,41.47425],[1.13086,41.47732],[1.16184,41.48246],[1.17978,41.48843],[1.17622,41.49356],[1.17572,41.50112],[1.16675,41.5054],[1.16362,41.5132],[1.16542,41.51772],[1.16894,41.51789],[1.17007,41.51924],[1.17139,41.52781],[1.17394,41.53131],[1.16904,41.53134],[1.16409,41.53429],[1.17122,41.5325],[1.17619,41.53377],[1.16648,41.53714],[1.16832,41.54027],[1.18088,41.54329],[1.19769,41.54371],[1.21069,41.54869],[1.21292,41.55294],[1.21169,41.55625],[1.21263,41.55907],[1.21651,41.56217],[1.21574,41.56716],[1.21969,41.56972],[1.21282,41.57882],[1.21346,41.58467],[1.21096,41.58806],[1.18484,41.59604],[1.1798,41.59581],[1.17121,41.59988],[1.16703,41.60221],[1.16866,41.60626],[1.16543,41.61028],[1.16747,41.61349],[1.1745,41.6147],[1.17754,41.61801],[1.18662,41.61989],[1.18938,41.63306],[1.18877,41.641],[1.18529,41.64914],[1.19064,41.65256],[1.19111,41.65639],[1.18959,41.65918],[1.19123,41.66118],[1.19071,41.66959],[1.18884,41.67115],[1.18983,41.6746],[1.18488,41.67641],[1.18835,41.67914],[1.18568,41.68588],[1.18941,41.68594],[1.19215,41.69025],[1.19433,41.69119],[1.19867,41.70651],[1.20647,41.71665],[1.19704,41.72099],[1.19318,41.72022],[1.1782,41.70942],[1.17351,41.70809],[1.15658,41.71247],[1.17054,41.73213],[1.17965,41.74794],[1.17864,41.75353],[1.16112,41.75816],[1.16517,41.75977],[1.17142,41.75973],[1.1742,41.76182],[1.17281,41.76683],[1.1677,41.76891],[1.1662,41.77509],[1.17619,41.78629],[1.17025,41.78706],[1.16362,41.78143],[1.15963,41.78119],[1.14029,41.78572],[1.14052,41.79273],[1.13619,41.79846],[1.13627,41.80116],[1.14111,41.80825],[1.151,41.8158],[1.15278,41.81843],[1.15112,41.82015],[1.14614,41.82091],[1.14287,41.81687],[1.13738,41.81353],[1.13354,41.80444],[1.12611,41.8054],[1.12328,41.80746],[1.09874,41.81149],[1.09863,41.8195],[1.10124,41.8209],[1.10312,41.82774],[1.11424,41.82156],[1.11678,41.82293],[1.11932,41.82717],[1.12254,41.8287],[1.12464,41.83263],[1.12074,41.84894],[1.11502,41.85086],[1.11545,41.85414],[1.10344,41.85293],[1.10448,41.85555]],[[1.0991,41.70522],[1.10014,41.70273],[1.07736,41.68679],[1.05829,41.68122],[1.05522,41.68279],[1.07866,41.7021],[1.08249,41.70052],[1.0991,41.70522]]],[[[1.04541,41.85833],[1.04208,41.8568],[1.03971,41.85738],[1.0396,41.85416],[1.0369,41.85451],[1.03315,41.85187],[1.03124,41.8521],[1.03144,41.85432],[1.02903,41.85582],[1.0257,41.85183],[1.02074,41.85003],[1.01956,41.84629],[1.02029,41.83939],[1.02451,41.83843],[1.02441,41.83169],[1.02167,41.82836],[1.02424,41.82784],[1.0253,41.82205],[1.02694,41.82018],[1.02934,41.81944],[1.03232,41.82058],[1.03592,41.8257],[1.04207,41.82866],[1.05115,41.82992],[1.05443,41.83704],[1.0666,41.83523],[1.06507,41.83672],[1.06158,41.84899],[1.05807,41.84869],[1.05677,41.85341],[1.05565,41.8533],[1.05536,41.85755],[1.04541,41.85833]]]]},"properties":{"OBJECTID":38,"CODICOMAR":"38","NOMCOMAR":"Urgell","CAPCOMAR":"Tàrrega","CAPCOMIND":"Tàrrega","AREAC5000":578.2949,"SHAPE_Length":200786.14319462044,"SHAPE_Area":578269943.1277443}},{"type":"Feature","id":39,"geometry":{"type":"Polygon","coordinates":[[[0.72354,42.85891],[0.70839,42.86144],[0.69159,42.85512],[0.67824,42.85479],[0.67812,42.84768],[0.66421,42.84226],[0.6593,42.83871],[0.65893,42.83628],[0.66152,42.82986],[0.66995,42.82431],[0.67025,42.82158],[0.66722,42.81918],[0.66497,42.81379],[0.67082,42.80455],[0.66945,42.80184],[0.66046,42.79844],[0.6542,42.79216],[0.65047,42.78538],[0.64506,42.78312],[0.65163,42.77767],[0.66722,42.77511],[0.6623,42.77001],[0.65856,42.76815],[0.65567,42.76854],[0.65042,42.76495],[0.65006,42.76024],[0.64555,42.7556],[0.63928,42.75487],[0.64731,42.75145],[0.66082,42.75174],[0.66374,42.74946],[0.66323,42.74327],[0.66746,42.73849],[0.667,42.73695],[0.66995,42.73399],[0.67045,42.73091],[0.677,42.72807],[0.68017,42.72325],[0.67375,42.7174],[0.67738,42.71253],[0.68253,42.70902],[0.68106,42.70534],[0.67617,42.70289],[0.67395,42.69892],[0.67675,42.69082],[0.67012,42.68963],[0.66216,42.69143],[0.6602,42.69085],[0.66004,42.6888],[0.66652,42.68218],[0.6735,42.67898],[0.67546,42.67168],[0.68331,42.66522],[0.68452,42.65959],[0.68715,42.65822],[0.69576,42.65827],[0.69546,42.65212],[0.69839,42.64572],[0.70185,42.64297],[0.70209,42.6409],[0.6995,42.63693],[0.70086,42.6327],[0.69852,42.6298],[0.7025,42.62477],[0.70779,42.62103],[0.71727,42.61981],[0.72881,42.61515],[0.73298,42.61538],[0.73876,42.61235],[0.74496,42.61514],[0.76757,42.61159],[0.78806,42.61571],[0.7939,42.61508],[0.80529,42.61913],[0.8127,42.61934],[0.81329,42.61607],[0.822,42.61161],[0.82631,42.60528],[0.83608,42.60858],[0.84132,42.60883],[0.84658,42.61485],[0.85653,42.62086],[0.86624,42.6224],[0.87565,42.6264],[0.87627,42.631],[0.87854,42.63191],[0.88232,42.63078],[0.88494,42.62712],[0.89553,42.6259],[0.89588,42.61863],[0.89423,42.61556],[0.89536,42.61224],[0.89814,42.60979],[0.91202,42.60679],[0.91868,42.59278],[0.92885,42.59073],[0.93472,42.59098],[0.93781,42.58939],[0.94292,42.58931],[0.95284,42.594],[0.95414,42.60283],[0.96237,42.60369],[0.96881,42.60886],[0.96938,42.61799],[0.96605,42.61956],[0.96649,42.62409],[0.96202,42.62535],[0.96089,42.6308],[0.96768,42.63596],[0.97108,42.6425],[0.98032,42.67669],[0.98371,42.67897],[0.98622,42.68392],[0.97797,42.6896],[0.97616,42.69338],[0.98173,42.69865],[0.99345,42.70073],[1.00604,42.71285],[1.0124,42.70925],[1.02854,42.70999],[1.0273,42.71726],[1.02238,42.71754],[1.02375,42.72304],[1.02222,42.72698],[1.03,42.7346],[1.02724,42.74297],[1.03265,42.75505],[1.028,42.7594],[1.02973,42.76443],[1.02728,42.76631],[1.02757,42.76874],[1.03111,42.77337],[1.031,42.77617],[1.03723,42.78695],[1.0299,42.78568],[1.01708,42.78705],[1.01126,42.78786],[1.00517,42.79087],[0.9944,42.78701],[0.98295,42.78691],[0.97709,42.79133],[0.97865,42.79305],[0.97762,42.79485],[0.96807,42.79962],[0.966,42.80364],[0.96023,42.8059],[0.9554,42.80319],[0.947,42.80118],[0.94631,42.79912],[0.93935,42.79668],[0.93311,42.78955],[0.92602,42.78945],[0.91787,42.79367],[0.91627,42.79594],[0.90748,42.79689],[0.90645,42.80084],[0.8861,42.81258],[0.87995,42.815],[0.87721,42.81432],[0.87068,42.81594],[0.86137,42.82113],[0.85553,42.82686],[0.84375,42.82926],[0.83377,42.8284],[0.82126,42.83335],[0.81565,42.83709],[0.80151,42.8406],[0.7963,42.84003],[0.78979,42.83646],[0.77709,42.83622],[0.76292,42.84026],[0.76118,42.84282],[0.73632,42.84895],[0.7345,42.85436],[0.72354,42.85891]]]},"properties":{"OBJECTID":39,"CODICOMAR":"39","NOMCOMAR":"Val d'Aran","CAPCOMAR":"Vielha","CAPCOMIND":"Vielha","AREAC5000":633.4184,"SHAPE_Length":128970.77883409822,"SHAPE_Area":633609761.9052659}},{"type":"Feature","id":40,"geometry":{"type":"Polygon","coordinates":[[[2.12492,41.71248],[2.10809,41.7179],[2.09969,41.71486],[2.09906,41.71096],[2.0971,41.70916],[2.08728,41.70776],[2.08475,41.71081],[2.0791,41.70957],[2.06628,41.71407],[2.06571,41.71261],[2.06106,41.71125],[2.05429,41.71203],[2.05078,41.71076],[2.03891,41.71645],[2.03287,41.71647],[2.02913,41.71102],[2.02295,41.70828],[2.02057,41.70546],[2.02199,41.69843],[2.01736,41.69448],[2.00913,41.69127],[2.00958,41.68669],[2.01281,41.6807],[2.01074,41.67848],[2.006,41.67752],[2.00463,41.67553],[2.01077,41.66668],[2.01043,41.6584],[2.00884,41.65618],[2.00284,41.65431],[1.99545,41.6554],[1.99017,41.65442],[1.98293,41.64817],[1.97145,41.64883],[1.96112,41.64419],[1.95709,41.64652],[1.94979,41.64623],[1.94719,41.64898],[1.94213,41.64887],[1.94015,41.6523],[1.94204,41.65632],[1.93686,41.65926],[1.93688,41.66119],[1.93389,41.66322],[1.9303,41.658],[1.92755,41.65855],[1.91994,41.66579],[1.90763,41.66461],[1.90118,41.65719],[1.89402,41.65604],[1.8865,41.64946],[1.88911,41.64833],[1.89022,41.64589],[1.88996,41.64062],[1.89176,41.63616],[1.89097,41.62951],[1.89383,41.61981],[1.89292,41.6171],[1.88693,41.61436],[1.87323,41.61272],[1.86502,41.61834],[1.86317,41.61688],[1.86079,41.60963],[1.86158,41.60346],[1.86385,41.59895],[1.86331,41.59228],[1.87027,41.58902],[1.87888,41.58949],[1.8825,41.58564],[1.8887,41.58383],[1.89117,41.58069],[1.88444,41.57907],[1.90921,41.57049],[1.92041,41.5711],[1.92203,41.56869],[1.9205,41.5618],[1.9216,41.56025],[1.91911,41.55644],[1.92368,41.5557],[1.9272,41.5527],[1.933,41.53716],[1.93212,41.53652],[1.93613,41.53033],[1.94901,41.52571],[1.95133,41.52293],[1.95115,41.51016],[1.93663,41.50913],[1.9302,41.49594],[1.9223,41.49542],[1.92231,41.48972],[1.93243,41.48546],[1.93401,41.47926],[1.94516,41.46758],[1.95074,41.47176],[1.95085,41.46701],[1.96111,41.46004],[1.96869,41.46386],[1.97329,41.46371],[1.97839,41.44915],[1.99408,41.43559],[1.99596,41.43993],[1.99572,41.45141],[2.00113,41.45631],[1.99926,41.45991],[2.01052,41.45665],[2.01519,41.45878],[2.02339,41.45753],[2.02465,41.44994],[2.03295,41.44169],[2.04572,41.44472],[2.06077,41.44499],[2.06364,41.44377],[2.06418,41.44214],[2.05953,41.43635],[2.0595,41.43448],[2.06781,41.42954],[2.06702,41.42636],[2.06934,41.42527],[2.07049,41.41881],[2.07907,41.41494],[2.07981,41.41625],[2.07628,41.42138],[2.08059,41.42406],[2.0727,41.42515],[2.0732,41.42746],[2.07662,41.42871],[2.07148,41.43308],[2.07177,41.4363],[2.07334,41.43645],[2.07558,41.43294],[2.08573,41.429],[2.09101,41.42907],[2.09607,41.43327],[2.10211,41.42869],[2.11332,41.4285],[2.12127,41.42583],[2.12815,41.43348],[2.12994,41.44303],[2.13461,41.44725],[2.15221,41.44718],[2.15584,41.44993],[2.16422,41.4501],[2.16533,41.45225],[2.16417,41.45579],[2.16567,41.45819],[2.16826,41.4607],[2.18014,41.46527],[2.17869,41.46818],[2.18706,41.46772],[2.18893,41.47084],[2.19975,41.47342],[2.20625,41.47033],[2.21339,41.4715],[2.21756,41.47701],[2.21269,41.47826],[2.21182,41.48048],[2.21513,41.4834],[2.21592,41.48655],[2.22469,41.49252],[2.22339,41.49615],[2.21096,41.49925],[2.20381,41.5039],[2.20048,41.50142],[2.19339,41.50802],[2.1894,41.51393],[2.18908,41.51549],[2.19913,41.51672],[2.20167,41.51914],[2.2065,41.52889],[2.20093,41.53741],[2.19845,41.54505],[2.19411,41.54684],[2.18811,41.56223],[2.18761,41.56627],[2.19319,41.56777],[2.19307,41.56951],[2.19653,41.57226],[2.19623,41.57541],[2.20269,41.57577],[2.19514,41.59101],[2.18886,41.59844],[2.18796,41.60656],[2.18521,41.60618],[2.18426,41.60229],[2.16469,41.60119],[2.16083,41.61471],[2.14869,41.63078],[2.14099,41.63388],[2.14007,41.63642],[2.13596,41.63924],[2.12392,41.64108],[2.12148,41.64552],[2.11638,41.64425],[2.11248,41.64715],[2.10788,41.65493],[2.10205,41.65831],[2.09636,41.65886],[2.09611,41.65913],[2.09977,41.65946],[2.10539,41.66469],[2.12103,41.67011],[2.13456,41.66925],[2.13441,41.67436],[2.13204,41.67677],[2.13118,41.68067],[2.13335,41.68699],[2.13843,41.68983],[2.13976,41.69277],[2.13524,41.70136],[2.13305,41.71559],[2.12492,41.71248]]]},"properties":{"OBJECTID":40,"CODICOMAR":"40","NOMCOMAR":"Vallès Occidental","CAPCOMAR":"Sabadell / Terrassa","CAPCOMIND":"Sabadell / Terrassa","AREAC5000":583.084,"SHAPE_Length":148421.83923749157,"SHAPE_Area":583174386.3918009}},{"type":"Feature","id":41,"geometry":{"type":"Polygon","coordinates":[[[2.38727,41.80463],[2.38268,41.8088],[2.37563,41.79693],[2.3642,41.79196],[2.36222,41.78988],[2.36722,41.78254],[2.36519,41.77875],[2.36519,41.76959],[2.35705,41.76615],[2.34353,41.76329],[2.33436,41.76365],[2.33231,41.77186],[2.32847,41.77575],[2.32964,41.77868],[2.32819,41.78879],[2.3209,41.78783],[2.31838,41.7923],[2.30368,41.79851],[2.29874,41.79736],[2.29153,41.79322],[2.28661,41.7846],[2.27821,41.77917],[2.27376,41.77153],[2.26943,41.77088],[2.26578,41.76595],[2.2544,41.76536],[2.24983,41.75962],[2.25079,41.74938],[2.25832,41.74745],[2.26073,41.74461],[2.26059,41.74066],[2.25479,41.73555],[2.26201,41.73536],[2.26273,41.73229],[2.26235,41.73064],[2.25644,41.72821],[2.25532,41.73077],[2.24583,41.73126],[2.24058,41.72961],[2.24387,41.7261],[2.23843,41.72198],[2.24001,41.72077],[2.23947,41.71438],[2.24217,41.70769],[2.24028,41.70567],[2.23742,41.70951],[2.22243,41.7045],[2.21323,41.70393],[2.21372,41.70746],[2.20969,41.70987],[2.19538,41.70575],[2.19479,41.7087],[2.19228,41.71134],[2.19169,41.71579],[2.18729,41.71504],[2.18649,41.71685],[2.18452,41.71715],[2.17011,41.71191],[2.16388,41.71545],[2.15665,41.71635],[2.14405,41.71353],[2.13305,41.71559],[2.13524,41.70136],[2.13976,41.69277],[2.13843,41.68983],[2.13335,41.68699],[2.13118,41.68067],[2.13204,41.67677],[2.13441,41.67436],[2.13456,41.66925],[2.12103,41.67011],[2.10539,41.66469],[2.09977,41.65946],[2.09611,41.65913],[2.10205,41.65831],[2.10788,41.65493],[2.11248,41.64715],[2.11638,41.64425],[2.12148,41.64552],[2.12392,41.64108],[2.13596,41.63924],[2.14007,41.63642],[2.14099,41.63388],[2.14869,41.63078],[2.16083,41.61471],[2.16469,41.60119],[2.18426,41.60229],[2.18521,41.60618],[2.18796,41.60656],[2.18886,41.59844],[2.19514,41.59101],[2.20269,41.57577],[2.19623,41.57541],[2.19653,41.57226],[2.19307,41.56951],[2.19319,41.56777],[2.18761,41.56627],[2.19411,41.54684],[2.19845,41.54505],[2.20093,41.53741],[2.2065,41.52889],[2.20167,41.51914],[2.19886,41.51649],[2.18908,41.51549],[2.19339,41.50802],[2.20048,41.50142],[2.20381,41.5039],[2.21096,41.49925],[2.22339,41.49615],[2.22469,41.49252],[2.24094,41.49123],[2.24705,41.48859],[2.25432,41.49223],[2.25551,41.49597],[2.25939,41.49765],[2.26309,41.50192],[2.26328,41.50397],[2.2668,41.50477],[2.2682,41.50921],[2.27322,41.51139],[2.28501,41.51535],[2.29074,41.51442],[2.30167,41.51527],[2.30724,41.51336],[2.30974,41.51633],[2.31667,41.5174],[2.32301,41.51664],[2.33097,41.52387],[2.32946,41.52393],[2.32786,41.52858],[2.31917,41.53101],[2.31605,41.53344],[2.32817,41.5393],[2.32798,41.54126],[2.33474,41.54388],[2.33352,41.54455],[2.33858,41.55093],[2.33751,41.56115],[2.34147,41.56101],[2.35024,41.57039],[2.35589,41.57388],[2.36847,41.5854],[2.3751,41.59512],[2.38042,41.59476],[2.38329,41.59899],[2.3884,41.60146],[2.3941,41.60839],[2.40114,41.60896],[2.4012,41.61091],[2.4103,41.62138],[2.41726,41.62713],[2.4204,41.62659],[2.42165,41.63066],[2.42766,41.62982],[2.43192,41.63089],[2.43634,41.62829],[2.44236,41.63092],[2.44582,41.63023],[2.44806,41.62759],[2.45208,41.62605],[2.45562,41.63123],[2.4569,41.62887],[2.459,41.62852],[2.46381,41.63058],[2.47088,41.62972],[2.47728,41.63098],[2.47952,41.62919],[2.4844,41.63116],[2.48522,41.62686],[2.49721,41.62331],[2.51531,41.62729],[2.52316,41.62591],[2.52753,41.62742],[2.52937,41.6319],[2.53473,41.63387],[2.5355,41.64101],[2.53951,41.64283],[2.54023,41.6474],[2.54409,41.65042],[2.54465,41.65538],[2.54712,41.65832],[2.55137,41.65998],[2.5619,41.65883],[2.57148,41.661],[2.59387,41.65887],[2.59816,41.67014],[2.60638,41.67268],[2.60902,41.67545],[2.60335,41.67835],[2.59968,41.68382],[2.5942,41.68673],[2.58793,41.70011],[2.59,41.70411],[2.59652,41.70911],[2.60019,41.71615],[2.59739,41.7176],[2.59571,41.7214],[2.59894,41.72833],[2.59252,41.72868],[2.57813,41.72455],[2.5694,41.72612],[2.54769,41.71899],[2.54411,41.72098],[2.53756,41.72164],[2.5337,41.72899],[2.53059,41.73069],[2.53328,41.73581],[2.53053,41.73923],[2.52341,41.74202],[2.51504,41.74863],[2.51527,41.75295],[2.51813,41.75535],[2.51593,41.76153],[2.50543,41.76288],[2.49779,41.76556],[2.49443,41.76428],[2.49055,41.76543],[2.48206,41.7717],[2.46924,41.77793],[2.47253,41.7896],[2.4555,41.78442],[2.44392,41.78936],[2.443,41.79885],[2.43452,41.80304],[2.41529,41.80485],[2.40998,41.80169],[2.40537,41.80167],[2.39604,41.80584],[2.38727,41.80463]]]},"properties":{"OBJECTID":41,"CODICOMAR":"41","NOMCOMAR":"Vallès Oriental","CAPCOMAR":"Granollers","CAPCOMIND":"Granollers","AREAC5000":727.337,"SHAPE_Length":164544.09335960113,"SHAPE_Area":727193843.8073388}},{"type":"Feature","id":42,"geometry":{"type":"Polygon","coordinates":[[[2.14395,41.90171],[2.13918,41.91035],[2.13545,41.91442],[2.13207,41.91065],[2.10485,41.90333],[2.09167,41.90457],[2.09127,41.909],[2.08108,41.90592],[2.07391,41.9001],[2.06531,41.90165],[2.06038,41.89943],[2.05124,41.89911],[2.04664,41.89752],[2.04048,41.90272],[2.03359,41.90206],[2.02846,41.90534],[2.02678,41.90859],[2.02212,41.91101],[2.01254,41.91208],[2.0103,41.90646],[2.01459,41.90012],[2.01278,41.88835],[2.01414,41.88412],[2.00675,41.88389],[2.00537,41.88495],[2.00144,41.88285],[2.01132,41.8789],[2.01586,41.87333],[2.00412,41.8672],[1.99296,41.85752],[1.9839,41.85499],[1.97582,41.84719],[1.97508,41.8407],[1.97787,41.83955],[1.97715,41.83714],[1.99646,41.83511],[2.00333,41.83283],[2.00388,41.83025],[2.01174,41.8224],[2.01588,41.82417],[2.02048,41.82336],[2.02237,41.82071],[2.02642,41.82061],[2.02652,41.81833],[2.03325,41.81331],[2.03806,41.80588],[2.02747,41.80174],[2.02016,41.80216],[1.97961,41.79264],[1.96961,41.78806],[1.96442,41.7874],[1.95424,41.78198],[1.93445,41.78066],[1.90401,41.77384],[1.91121,41.77463],[1.91394,41.77288],[1.91322,41.77012],[1.91753,41.77],[1.91631,41.76811],[1.91778,41.76238],[1.91558,41.76008],[1.91627,41.75693],[1.91938,41.75894],[1.92331,41.74987],[1.92821,41.74509],[1.9337,41.74413],[1.95246,41.74677],[1.96732,41.75184],[1.9792,41.75323],[1.98924,41.74989],[1.99685,41.74425],[2.00203,41.74368],[2.00146,41.73962],[2.0043,41.733],[2.00389,41.72891],[2.01029,41.73005],[2.01451,41.72745],[2.01692,41.7157],[2.02207,41.70769],[2.02913,41.71102],[2.03287,41.71647],[2.03573,41.71693],[2.04258,41.71504],[2.04947,41.7109],[2.05429,41.71203],[2.06106,41.71125],[2.06571,41.71261],[2.06628,41.71407],[2.0791,41.70957],[2.08475,41.71081],[2.08738,41.70777],[2.0971,41.70916],[2.09906,41.71096],[2.09969,41.71486],[2.10908,41.718],[2.12492,41.71248],[2.13305,41.71559],[2.14405,41.71353],[2.15665,41.71635],[2.16388,41.71545],[2.17011,41.71191],[2.18452,41.71715],[2.18649,41.71685],[2.18729,41.71504],[2.19169,41.71579],[2.19228,41.71134],[2.19479,41.7087],[2.19538,41.70575],[2.20969,41.70987],[2.21372,41.70746],[2.21323,41.70393],[2.22243,41.7045],[2.23742,41.70951],[2.24028,41.70567],[2.24217,41.70769],[2.23947,41.71438],[2.24001,41.72077],[2.23843,41.72198],[2.24387,41.7261],[2.24058,41.72961],[2.23617,41.73207],[2.23002,41.72919],[2.22364,41.72972],[2.21357,41.72688],[2.19327,41.73063],[2.18951,41.73255],[2.18447,41.74267],[2.18956,41.75237],[2.18847,41.75715],[2.18876,41.77528],[2.18623,41.78207],[2.18601,41.78918],[2.18347,41.79361],[2.17562,41.79825],[2.18727,41.81014],[2.18841,41.81354],[2.1877,41.81664],[2.19177,41.82095],[2.19653,41.8361],[2.19337,41.83861],[2.19197,41.83793],[2.18848,41.84412],[2.18996,41.84861],[2.18631,41.8599],[2.18415,41.85782],[2.18362,41.85468],[2.1797,41.85258],[2.15782,41.85645],[2.15395,41.85347],[2.1462,41.8526],[2.14189,41.85582],[2.14202,41.85818],[2.1397,41.85941],[2.13671,41.85887],[2.13525,41.86278],[2.1285,41.86902],[2.13186,41.8741],[2.13188,41.87821],[2.12403,41.88106],[2.123,41.88563],[2.13304,41.88637],[2.13819,41.88937],[2.14115,41.89888],[2.14395,41.90171]]]},"properties":{"OBJECTID":42,"CODICOMAR":"42","NOMCOMAR":"Moianès","CAPCOMAR":"Moià","CAPCOMIND":"Moià","AREAC5000":337.2546,"SHAPE_Length":120823.06278003208,"SHAPE_Area":337269061.83213896}},{"type":"Feature","id":43,"geometry":{"type":"MultiPolygon","coordinates":[[[[2.01458,41.93566],[2.01911,41.93784],[2.02232,41.93795],[2.01915,41.93969],[2.0187,41.94452],[2.01097,41.93873],[2.01458,41.93566]]],[[[2.09552,42.14007],[2.09225,42.1444],[2.09031,42.14244],[2.08636,42.14155],[2.07058,42.14173],[2.07045,42.13907],[2.06486,42.13853],[2.06115,42.13516],[2.06768,42.13443],[2.07002,42.13165],[2.0705,42.12894],[2.06765,42.1247],[2.06804,42.12269],[2.0496,42.12161],[2.05449,42.10751],[2.04563,42.10447],[2.06246,42.09862],[2.05768,42.08768],[2.05387,42.09066],[2.05304,42.09454],[2.04246,42.09237],[2.0399,42.08649],[2.0417,42.08177],[2.04533,42.08104],[2.03471,42.07714],[2.0306,42.08195],[2.02592,42.09295],[2.02703,42.09537],[2.02533,42.09632],[2.01362,42.09356],[2.00811,42.08515],[2.01003,42.0817],[2.00766,42.06813],[2.00936,42.06115],[2.00671,42.05328],[2.00762,42.04999],[2.00476,42.04826],[2.00255,42.03946],[1.99733,42.03606],[1.99961,42.03179],[1.9955,42.02864],[2.00333,42.03035],[2.01823,42.02835],[2.02155,42.02621],[2.02147,42.02384],[2.00769,42.00886],[2.00806,42.00384],[2.00461,41.99464],[1.99967,41.99019],[1.99612,41.99108],[1.99475,41.98981],[1.99438,41.98766],[1.99832,41.97752],[1.98559,41.96965],[1.99822,41.9704],[2.00146,41.96643],[2.00455,41.96508],[2.01809,41.96615],[2.03087,41.96153],[2.03223,41.9586],[2.02712,41.95036],[2.0289,41.94882],[2.02836,41.94355],[2.02388,41.9408],[2.02423,41.93934],[2.02977,41.93273],[2.0307,41.92516],[2.03408,41.91945],[2.03572,41.91132],[2.04088,41.90934],[2.04274,41.90699],[2.04782,41.90838],[2.04721,41.90598],[2.04402,41.9031],[2.04493,41.89951],[2.04048,41.90272],[2.04664,41.89752],[2.05124,41.89911],[2.06038,41.89943],[2.06531,41.90165],[2.07391,41.9001],[2.08108,41.90592],[2.09127,41.909],[2.0934,41.91386],[2.09038,41.91505],[2.09812,41.92136],[2.10121,41.92002],[2.10684,41.92449],[2.11352,41.93079],[2.11558,41.93574],[2.1229,41.94415],[2.12801,41.94268],[2.1396,41.94462],[2.13648,41.94796],[2.13577,41.95519],[2.12871,41.9579],[2.12849,41.96133],[2.13119,41.96444],[2.12149,41.96671],[2.12829,41.9719],[2.12733,41.97858],[2.12907,41.98503],[2.12436,41.99084],[2.1348,42.00195],[2.13985,42.0036],[2.1417,42.00706],[2.14665,42.01046],[2.15475,42.01101],[2.15536,42.00954],[2.16884,42.00615],[2.17577,42.00281],[2.1876,42.0074],[2.18903,42.01116],[2.1892,42.0079],[2.19335,42.008],[2.19329,42.01446],[2.19724,42.01528],[2.20003,42.01826],[2.19796,42.02201],[2.19806,42.0252],[2.18765,42.03309],[2.18054,42.04195],[2.16507,42.03768],[2.13635,42.02529],[2.13175,42.0255],[2.12396,42.03284],[2.12921,42.03735],[2.12974,42.04093],[2.12632,42.04353],[2.12391,42.04926],[2.12732,42.05183],[2.13584,42.05188],[2.13416,42.05409],[2.13553,42.05754],[2.12475,42.06357],[2.12325,42.06849],[2.11065,42.07582],[2.10813,42.07833],[2.10507,42.08545],[2.1086,42.08999],[2.11241,42.09987],[2.11605,42.10182],[2.12263,42.09919],[2.13004,42.10043],[2.13293,42.10524],[2.12788,42.1084],[2.12357,42.11459],[2.11316,42.11691],[2.09992,42.12506],[2.10065,42.12918],[2.09784,42.13051],[2.10133,42.13984],[2.09552,42.14007]]]]},"properties":{"OBJECTID":43,"CODICOMAR":"43","NOMCOMAR":"Lluçanès","CAPCOMAR":"Prats de Lluçanès","CAPCOMIND":"Prats de Lluçanès","AREAC5000":226.4706,"SHAPE_Length":110249.95408774746,"SHAPE_Area":226569505.17884892}}]}